1,0.243
2,0.607
3,0.783
4,0.091
5,0.876
6,0.651
7,0
8,0.818
9,0.739
10,0.159
11,0.837
12,0.627
13,0
14,0
15,0.887
16,0.758
17,0
18,0
19,0.267
20,0.188
21,0
22,0
23,0.776
24,0.032
25,0
26,0.827
27,0
28,0.745
29,0.676
30,0.81
31,0.843
32,0.699
33,0
34,0.919
35,0
36,0.774
37,0.606
38,0.949
39,0.795
40,0.886
41,0.995
42,0.716
43,0.875
44,0.739
45,0.86
46,0.639
47,0.77
48,0
49,0
50,0.847
51,0.688
52,0
53,0
54,0.648
55,0.955
56,0.771
57,0
58,0.01
59,0.789
60,0.615
61,0.779
62,0.827
63,0.885
64,0
65,0.058
66,0.973
67,0
68,0.68
69,0.044
70,0
71,0
72,0.615
73,0.762
74,0.725
75,0.951
76,0.197
77,0.183
78,0.195
79,0.12
80,0.141
81,0.834
82,0
83,0.136
84,0.047
85,0.92
86,0.694
87,0
88,0
89,0
90,0.81
91,0.266
92,0
93,0.808
94,0
95,0.752
96,0.108
97,0.887
98,0.035
99,0.738
100,0.806
101,0
102,0.694
103,0
104,0
105,0.811
106,0.922
107,0.993
108,0.705
109,0.706
110,0.061
111,0.87
112,0.824
113,0.689
114,0
115,0.885
116,0
117,0
118,0.089
119,0.852
120,0.765
121,0.11
122,0.805
123,0.802
124,0
125,0
126,0.162
127,0.184
128,0.657
129,0.221
130,0.822
131,0.767
132,0.868
133,0.834
134,0
135,0.783
136,0
137,0.88
138,0.048
139,0.2
140,0.702
141,0.741
142,0.737
143,0.86
144,0.723
145,0
146,0.821
147,0.898
148,0.847
149,0
150,0.685
151,0
152,0.773
153,0
154,0.795
155,0
156,0
157,0.208
158,0
159,0
160,0.7
161,0.154
162,0.759
163,0.135
164,0.84
165,0.102
166,0
167,0
168,0
169,0.739
170,0
171,0.817
172,0.253
173,0.693
174,0.148
175,0.864
176,0.095
177,0.901
178,0.259
179,0
180,0.002
181,0
182,0
183,0.914
184,1
185,0
186,0
187,0.203
188,0.766
189,0.027
190,0.769
191,0.919
192,0.614
193,0.855
194,0.714
195,0.038
196,0
197,0.746
198,0.213
199,1
200,0.907
201,0
202,0.804
203,0.834
204,0.85
205,0.812
206,0.703
207,0.83
208,0.23
209,0.891
210,0.923
211,0.652
212,0.99
213,0
214,0.971
215,0.191
216,0.675
217,0.164
218,0.828
219,0.02
220,0
221,0.256
222,0.912
223,0.208
224,0
225,0.671
226,0.696
227,0.89
228,0.237
229,0.837
230,0
231,0.125
232,0.639
233,0.841
234,0.094
235,0.722
236,0.82
237,0.673
238,0.791
239,0
240,0.272
241,0.1
242,0.884
243,0.695
244,0.798
245,0.193
246,0.841
247,0.71
248,0.153
249,0.862
250,0.864
251,0.775
252,0
253,0.743
254,0.202
255,0.008
256,0
257,0.85
258,0.74
259,0.914
260,0
261,0.723
262,0.038
263,0.563
264,0.873
265,0.902
266,0.64
267,0.859
268,0.773
269,0.064
270,0.004
271,0
272,0.624
273,0.904
274,0.07
275,0.714
276,0.769
277,0.005
278,0.885
279,0.744
280,0
281,0.864
282,0
283,0.824
284,0
285,0
286,0
287,0.834
288,0
289,0.726
290,0.811
291,0
292,0.879
293,0.795
294,0.179
295,0
296,0.755
297,0.67
298,0.815
299,0
300,0.781
301,0.095
302,0.848
303,0.846
304,0.752
305,0.244
306,0.768
307,0.754
308,0
309,0.838
310,0.892
311,0.608
312,0.816
313,0
314,0.772
315,0.564
316,0.178
317,0.544
318,0
319,0.844
320,0.69
321,0.776
322,0.686
323,0.222
324,0.878
325,0.826
326,0
327,0.197
328,0.079
329,0.649
330,0.059
331,0.744
332,0.782
333,0.8
334,0.728
335,0.853
336,0.877
337,0
338,0.159
339,0.865
340,0.809
341,0.723
342,0
343,0
344,0.762
345,0.595
346,0.834
347,0
348,0.996
349,0
350,0.048
351,0
352,0
353,0
354,0.697
355,0.965
356,0.611
357,0.96
358,0.699
359,0.845
360,0.648
361,0
362,0
363,0.084
364,0.211
365,0
366,0.957
367,0.753
368,0.755
369,0.035
370,0.727
371,0.673
372,0.152
373,0
374,0.018
375,0
376,0.662
377,0
378,0.632
379,0.875
380,0
381,0.965
382,0.908
383,0.157
384,0
385,0.774
386,0
387,0.769
388,0.609
389,0.721
390,0
391,0.731
392,0.047
393,0
394,0.821
395,0.065
396,0.788
397,0.656
398,0.639
399,0
400,0.805
401,0
402,0.223
403,1
404,0.731
405,0.658
406,0.942
407,0
408,0.784
409,0.689
410,0.906
411,0.136
412,0.9
413,0
414,0
415,0.717
416,0.067
417,0
418,0.875
419,0.755
420,0.571
421,0.819
422,0.594
423,0.78
424,0.899
425,0.187
426,0.839
427,0.724
428,0.857
429,0.22
430,0.686
431,0.751
432,0.854
433,0
434,1
435,0.806
436,0.1
437,0.871
438,0.916
439,0
440,0
441,0.992
442,0
443,0.791
444,0.949
445,0.224
446,0
447,0.79
448,0.917
449,0
450,0.119
451,0.777
452,0.84
453,0
454,0.897
455,0.754
456,0.795
457,0.077
458,0.871
459,0
460,0.79
461,0.904
462,0.85
463,0.707
464,0.203
465,0.785
466,0.648
467,0
468,0.135
469,0.076
470,0
471,0.789
472,0.864
473,0.169
474,0
475,0.16
476,0.711
477,0.222
478,0
479,0.756
480,0.232
481,0.863
482,0.575
483,0
484,0
485,0.724
486,0.941
487,0.8
488,0.737
489,0.642
490,0
491,0.94
492,0.218
493,0.816
494,0.7
495,0.805
496,0
497,0.713
498,0.273
499,0
500,0.781
501,0
502,0.032
503,0
504,0.726
505,0.834
506,0.771
507,0
508,0
509,0
510,0.895
511,0
512,0.71
513,0
514,0.898
515,0.785
516,0.248
517,0.284
518,0
519,0
520,0.824
521,0
522,0.81
523,0.805
524,0.083
525,0.713
526,0.699
527,0.144
528,0.759
529,0.806
530,0.622
531,0.693
532,0.563
533,0
534,0.806
535,0.135
536,0.774
537,0.665
538,1
539,0
540,0
541,0.78
542,0.724
543,0.81
544,0
545,0.063
546,0.909
547,0.736
548,0.917
549,0.901
550,0.722
551,0
552,0.726
553,0
554,0
555,0.814
556,0.787
557,0.947
558,0.712
559,0.87
560,0
561,0.723
562,0.944
563,0.055
564,0
565,0.871
566,0.694
567,0
568,0.692
569,0.738
570,0
571,0
572,0
573,0
574,0
575,0.077
576,0.952
577,0.822
578,0
579,0
580,0.72
581,0.8
582,0.872
583,0.107
584,0.738
585,0.729
586,0
587,0
588,0.051
589,0
590,0
591,0.728
592,0.775
593,0
594,0.118
595,0.78
596,0.9
597,0.804
598,0
599,0.72
600,0
601,0.928
602,0.955
603,0
604,0.903
605,0.653
606,0.598
607,0.782
608,0.98
609,0.592
610,0.691
611,0.774
612,0.783
613,0
614,0.025
615,0.769
616,0
617,0
618,0.622
619,0.72
620,0
621,0.202
622,0.488
623,0.07
624,0.76
625,0.787
626,0.822
627,0.809
628,0
629,0.976
630,0
631,0.123
632,0.8
633,0
634,0.825
635,0.931
636,0.91
637,0
638,0
639,0
640,0.121
641,0.795
642,0.84
643,0.935
644,0.123
645,0.721
646,0.936
647,0.849
648,0.875
649,0
650,0.936
651,0.812
652,0.801
653,0
654,0.085
655,0.166
656,0.888
657,0.831
658,0.162
659,0.816
660,0.248
661,0.778
662,0.924
663,0.78
664,0.686
665,0.666
666,0.213
667,0.686
668,0.753
669,0
670,0.922
671,0.04
672,0
673,0.758
674,0.844
675,0
676,0.83
677,0.719
678,0.696
679,0
680,0
681,1
682,0
683,0
684,0.779
685,0.692
686,0.82
687,0.049
688,0
689,0
690,0
691,0.723
692,0.605
693,0.827
694,0.556
695,0.708
696,0.682
697,0.991
698,0.785
699,0
700,0.785
701,0.822
702,1
703,0
704,0.081
705,0.763
706,0.863
707,0.791
708,0.743
709,0
710,0.212
711,0.784
712,0
713,0.905
714,0.741
715,0.853
716,0
717,0.006
718,0.091
719,0
720,0.306
721,0.809
722,0
723,0.783
724,0.679
725,0.804
726,0
727,0
728,0.862
729,0.193
730,0
731,0
732,0.292
733,0.764
734,0.824
735,0.742
736,0
737,0.834
738,0
739,0.135
740,0
741,0
742,0.819
743,0
744,0.693
745,0.863
746,0.062
747,0.935
748,0
749,0.871
750,0
751,0.013
752,0
753,0.923
754,0.1
755,0.895
756,0.633
757,0.291
758,0.59
759,0.936
760,0.893
761,0.927
762,0.853
763,0.886
764,0.176
765,0.775
766,0.114
767,0.123
768,0
769,0.059
770,0
771,0.799
772,0.69
773,0.95
774,0.68
775,0.223
776,0
777,0.87
778,0.009
779,0.751
780,0.151
781,0.052
782,0.752
783,0
784,0.689
785,0
786,0
787,0.038
788,0.9
789,0
790,0.968
791,0.683
792,0.14
793,0.212
794,0.751
795,0.651
796,0
797,0.941
798,0
799,0.892
800,0.138
801,0.844
802,0.815
803,0.627
804,0.83
805,0.847
806,0.714
807,0.125
808,0.776
809,0.873
810,0.061
811,0.337
812,0.763
813,0.119
814,0.182
815,0
816,0.103
817,0.709
818,0.048
819,0.27
820,0.176
821,0.779
822,0.735
823,0
824,0.118
825,0.847
826,0.062
827,0.834
828,0.801
829,0.048
830,0.727
831,0.181
832,0.069
833,0.172
834,0.909
835,0.221
836,0.673
837,0.828
838,0.906
839,0.817
840,0.808
841,0
842,0.842
843,0
844,0.189
845,0.71
846,0.822
847,0.859
848,0.544
849,0.685
850,0.064
851,0.804
852,0.689
853,0.656
854,0.712
855,0.175
856,0.857
857,0.088
858,0.893
859,0.128
860,0.208
861,0.753
862,0.881
863,0.817
864,0.838
865,0
866,0.757
867,0
868,0
869,0.18
870,0.821
871,0.925
872,0.806
873,0.647
874,0.583
875,0.779
876,0.808
877,0
878,0.79
879,0
880,0.148
881,1
882,0.741
883,0.932
884,0.741
885,0.644
886,0.731
887,0.672
888,0.873
889,0.936
890,0
891,0.792
892,0
893,0.869
894,0.908
895,0
896,0.866
897,0.801
898,0.706
899,0.803
900,0.908
901,0
902,0.998
903,0
904,0.714
905,0
906,0.97
907,0
908,0.774
909,0.164
910,0.063
911,0.794
912,0
913,0.702
914,0.923
915,0.944
916,0.243
917,0.102
918,1
919,0
920,0.132
921,0.842
922,0.826
923,0.759
924,0.769
925,0.068
926,0
927,0
928,0.653
929,0.823
930,0
931,0
932,0
933,0.659
934,0
935,0.626
936,0.808
937,0.821
938,0.825
939,0
940,0.884
941,0.044
942,0.195
943,0.113
944,0.021
945,0
946,0
947,0
948,0.791
949,0
950,0.738
951,0.834
952,0.208
953,0.689
954,0
955,0.816
956,0
957,0.759
958,0
959,0.892
960,0.912
961,0
962,0
963,0.044
964,0
965,0.698
966,0
967,0.28
968,0.955
969,0.819
970,0
971,0.83
972,0.835
973,0.79
974,0
975,0
976,0.028
977,0.778
978,0.022
979,0.909
980,0.71
981,0.179
982,0.049
983,0.729
984,0.142
985,0.818
986,0.797
987,0
988,0.89
989,0.817
990,0.035
991,0.768
992,0.692
993,0
994,0.097
995,0.926
996,0.908
997,0.898
998,0.73
999,0.649
1000,0.68
1001,0.699
1002,0
1003,0.953
1004,0.69
1005,0.682
1006,0.797
1007,0
1008,0.837
1009,0.134
1010,0.701
1011,0.261
1012,0.875
1013,0
1014,0.83
1015,0.791
1016,0.803
1017,0.492
1018,0
1019,0.899
1020,0
1021,0.803
1022,0.805
1023,0.807
1024,0.77
1025,0.854
1026,0.76
1027,0
1028,0.698
1029,0.763
1030,0
1031,0.672
1032,0.867
1033,0
1034,0
1035,0.326
1036,0.698
1037,0
1038,0.153
1039,0.841
1040,0.892
1041,0.871
1042,0.601
1043,0.242
1044,0
1045,0.15
1046,0.504
1047,0
1048,0.665
1049,0
1050,0.286
1051,0.852
1052,0.968
1053,0.843
1054,0.824
1055,0
1056,0
1057,0
1058,0.838
1059,0
1060,0.759
1061,0.089
1062,0.88
1063,0.076
1064,0.119
1065,0.754
1066,0.197
1067,0
1068,0.711
1069,0.028
1070,0.776
1071,0.957
1072,0
1073,0.698
1074,0.858
1075,0.719
1076,0.733
1077,0.836
1078,0.018
1079,0.714
1080,0.82
1081,0.128
1082,0.315
1083,0.721
1084,0
1085,0
1086,0.765
1087,0
1088,0.829
1089,0
1090,0.892
1091,0.818
1092,0.632
1093,0.777
1094,0.016
1095,0.806
1096,0
1097,0.963
1098,0.757
1099,0.613
1100,0.932
1101,0.054
1102,0.78
1103,0
1104,0.853
1105,0.828
1106,0.794
1107,0
1108,0.654
1109,0.794
1110,0.002
1111,0.789
1112,0.811
1113,0.834
1114,0.913
1115,0.822
1116,0.708
1117,0.676
1118,0
1119,0.928
1120,0.808
1121,0.206
1122,0.677
1123,0.735
1124,0.023
1125,0
1126,0.798
1127,0.683
1128,0.014
1129,0.712
1130,0.659
1131,0.728
1132,0.947
1133,0.867
1134,0.846
1135,0.857
1136,0.917
1137,0.782
1138,0.789
1139,0.843
1140,0
1141,0.637
1142,0.712
1143,0.967
1144,0.152
1145,0.845
1146,0.772
1147,0.837
1148,0.678
1149,0.873
1150,0.689
1151,0
1152,0.773
1153,0.789
1154,0
1155,0.657
1156,0.814
1157,0.875
1158,0.744
1159,0.066
1160,0.789
1161,0.708
1162,0.779
1163,0.077
1164,0.698
1165,0
1166,0.829
1167,0.848
1168,0.766
1169,0
1170,0.942
1171,0
1172,0
1173,0
1174,0.231
1175,0.816
1176,0.895
1177,0
1178,0
1179,0
1180,0.854
1181,0.775
1182,0.688
1183,0.826
1184,0.975
1185,0.824
1186,0.678
1187,0.855
1188,0
1189,0.191
1190,0.723
1191,0.787
1192,0.642
1193,0.981
1194,1
1195,0.798
1196,0.896
1197,0
1198,0
1199,0.63
1200,0.823
1201,0.764
1202,0.159
1203,0.915
1204,0.823
1205,0
1206,0.079
1207,0.936
1208,0.153
1209,0
1210,0.72
1211,0.854
1212,1
1213,0
1214,0.866
1215,0.824
1216,0.673
1217,0
1218,0.805
1219,0.686
1220,0.094
1221,0.15
1222,0.192
1223,0.66
1224,0.663
1225,0.742
1226,0.332
1227,0.638
1228,0.711
1229,0
1230,0.97
1231,0
1232,0.734
1233,0.759
1234,0
1235,0
1236,0.971
1237,0
1238,0
1239,0.951
1240,0.846
1241,0.913
1242,0.016
1243,0.881
1244,0.687
1245,0.78
1246,0.809
1247,0
1248,0.718
1249,0
1250,0.197
1251,0
1252,0
1253,0.794
1254,0
1255,0.804
1256,0.735
1257,0.739
1258,0.826
1259,0.889
1260,0.832
1261,0
1262,0.652
1263,0.177
1264,0
1265,0.227
1266,0.838
1267,0.943
1268,0.052
1269,0
1270,0.872
1271,0.817
1272,0.678
1273,0.661
1274,0
1275,0.926
1276,0.79
1277,0.737
1278,0.291
1279,0.788
1280,0.135
1281,0.137
1282,0.949
1283,0.206
1284,0.712
1285,0.114
1286,0
1287,0.215
1288,0
1289,0.072
1290,0.204
1291,0.82
1292,0
1293,0.72
1294,0.697
1295,0.868
1296,0
1297,0.756
1298,0.272
1299,0.692
1300,0
1301,0.897
1302,0.738
1303,0.007
1304,0.897
1305,0.815
1306,0.194
1307,0.671
1308,0.597
1309,0.856
1310,0
1311,0.764
1312,0.785
1313,0.754
1314,0.834
1315,0.036
1316,0.825
1317,0.946
1318,0
1319,0.734
1320,0.771
1321,0.15
1322,0.712
1323,0
1324,0.728
1325,0.019
1326,0.905
1327,0.178
1328,1
1329,0.834
1330,0
1331,0
1332,0.241
1333,0.979
1334,0.115
1335,0
1336,0.771
1337,0.758
1338,0.038
1339,0.042
1340,0.859
1341,0.059
1342,0.666
1343,0.036
1344,0.936
1345,0.649
1346,0.067
1347,0
1348,0.943
1349,1
1350,0.116
1351,0.072
1352,0
1353,0.757
1354,0.874
1355,0.025
1356,0.192
1357,0.797
1358,0
1359,0.026
1360,0.056
1361,0.121
1362,0.832
1363,0.089
1364,0.724
1365,0.769
1366,0
1367,0.711
1368,0.846
1369,0
1370,0.065
1371,0.908
1372,0.134
1373,0.69
1374,0.881
1375,0.811
1376,0.81
1377,0.089
1378,0.88
1379,0.756
1380,0.911
1381,0.904
1382,0.049
1383,0.926
1384,0.086
1385,0.684
1386,0.687
1387,0.015
1388,0.89
1389,0.134
1390,0
1391,0
1392,0
1393,0.112
1394,0.89
1395,0.804
1396,0.809
1397,0.824
1398,0.631
1399,0.757
1400,0.814
1401,0.231
1402,0
1403,0.916
1404,0.014
1405,0.864
1406,0.673
1407,0
1408,0.818
1409,0.091
1410,0
1411,0.901
1412,0.098
1413,0.63
1414,0.736
1415,0.838
1416,0.75
1417,0
1418,0.095
1419,0.85
1420,0.112
1421,0.152
1422,0.742
1423,0.784
1424,0.824
1425,0.872
1426,0.814
1427,0.92
1428,0.986
1429,0.066
1430,0.759
1431,0.073
1432,0
1433,0.01
1434,0
1435,0.72
1436,0
1437,0.702
1438,0.786
1439,0
1440,0.004
1441,0.983
1442,0.143
1443,0.701
1444,0.923
1445,0.732
1446,0.755
1447,0.706
1448,0.226
1449,0.974
1450,0.899
1451,0.895
1452,0.756
1453,0.787
1454,0.935
1455,0.161
1456,0
1457,0
1458,0.217
1459,0.791
1460,0.711
1461,0.11
1462,0.87
1463,0.862
1464,0
1465,0
1466,0
1467,0
1468,0
1469,0.835
1470,0.943
1471,0
1472,0.904
1473,0.702
1474,0
1475,0
1476,0.053
1477,0.698
1478,0.024
1479,0
1480,0.707
1481,0.191
1482,0.767
1483,0
1484,0.81
1485,0.912
1486,0.685
1487,0.065
1488,0
1489,0
1490,0.875
1491,0.785
1492,0
1493,0
1494,0.806
1495,0.761
1496,0.984
1497,0
1498,0.839
1499,0
1500,0.01
1501,0.743
1502,0.831
1503,0.056
1504,0.106
1505,0.893
1506,0.09
1507,0.886
1508,0.779
1509,0.776
1510,0.667
1511,0.179
1512,0.101
1513,0.925
1514,0.789
1515,0.755
1516,0
1517,0.488
1518,0
1519,0.645
1520,0.659
1521,0.795
1522,0.981
1523,0.263
1524,0
1525,0.7
1526,0.844
1527,0.832
1528,0.597
1529,0.081
1530,0.166
1531,0.885
1532,0.016
1533,0
1534,0
1535,0.165
1536,0.042
1537,0
1538,0.856
1539,0.018
1540,0.689
1541,0.687
1542,0.883
1543,0.036
1544,0.841
1545,0.831
1546,0.736
1547,0.847
1548,0.825
1549,0.067
1550,0.034
1551,0
1552,0
1553,0.757
1554,0.743
1555,0.801
1556,0
1557,0.655
1558,0.77
1559,0.926
1560,0.821
1561,0.111
1562,0.055
1563,0.97
1564,0.295
1565,0.708
1566,0
1567,0.688
1568,0.046
1569,0
1570,0.795
1571,0.69
1572,0.689
1573,0.723
1574,0.902
1575,0
1576,0
1577,0.824
1578,0.121
1579,0.597
1580,0.822
1581,0.088
1582,0
1583,0
1584,0.786
1585,0.987
1586,0
1587,0
1588,0.736
1589,0.729
1590,0.063
1591,0.735
1592,0
1593,0
1594,0.851
1595,0.283
1596,0.638
1597,0
1598,0.909
1599,0.161
1600,0
1601,0.624
1602,0
1603,0
1604,0.147
1605,0.889
1606,0.651
1607,0
1608,0.784
1609,0
1610,0.666
1611,0.732
1612,0.029
1613,0.706
1614,0.578
1615,0.693
1616,0.779
1617,0.966
1618,0.218
1619,0.903
1620,0.711
1621,0
1622,0
1623,0.208
1624,0.137
1625,0.912
1626,0
1627,0.744
1628,0.685
1629,0
1630,0.783
1631,0
1632,0.883
1633,0.183
1634,0.592
1635,0.689
1636,0.898
1637,0.828
1638,0.081
1639,0
1640,0.744
1641,0
1642,0.063
1643,0.785
1644,0.848
1645,0.749
1646,0.094
1647,0.128
1648,1
1649,0.804
1650,0.861
1651,0
1652,0
1653,0.833
1654,0.968
1655,0.916
1656,0.835
1657,0.705
1658,0.827
1659,0
1660,0
1661,0.844
1662,0.698
1663,0.925
1664,0.779
1665,0
1666,0.062
1667,0.898
1668,0.684
1669,0
1670,0.905
1671,0.769
1672,0.659
1673,0.632
1674,0.787
1675,0.89
1676,0.727
1677,0.811
1678,0.841
1679,0.737
1680,0.607
1681,0.928
1682,0.02
1683,0.734
1684,0.795
1685,0.794
1686,0
1687,0.936
1688,0.735
1689,0.704
1690,0.785
1691,0.785
1692,0.725
1693,0.647
1694,0
1695,0.141
1696,0.816
1697,0.733
1698,0.175
1699,0.769
1700,0
1701,0.861
1702,0
1703,0.199
1704,0.12
1705,0.678
1706,0
1707,0
1708,0.168
1709,0.047
1710,0.785
1711,0.042
1712,0.059
1713,0.89
1714,0.093
1715,0.885
1716,0.073
1717,0.816
1718,0.133
1719,0.645
1720,0.713
1721,0.702
1722,0.174
1723,0.201
1724,0
1725,0.202
1726,0.151
1727,0.882
1728,0.812
1729,0.791
1730,0.782
1731,0.763
1732,0
1733,0
1734,0
1735,0.743
1736,0.628
1737,0.724
1738,0
1739,0.79
1740,0.71
1741,0.717
1742,0
1743,0.91
1744,0.836
1745,0.161
1746,0
1747,0
1748,0
1749,0
1750,0
1751,0.772
1752,0.111
1753,0
1754,0
1755,0.638
1756,0.895
1757,0.768
1758,0.705
1759,0.826
1760,0.777
1761,0.954
1762,0.143
1763,0.738
1764,0.661
1765,0.821
1766,0.767
1767,0.83
1768,0.807
1769,0.766
1770,0.778
1771,0
1772,0.883
1773,0
1774,0.817
1775,0.764
1776,0.891
1777,0.56
1778,0.812
1779,0
1780,0.817
1781,0.762
1782,0.141
1783,0
1784,0.72
1785,0.579
1786,0.92
1787,0.848
1788,0.74
1789,0.921
1790,0.713
1791,0
1792,0.793
1793,0
1794,0.641
1795,0.78
1796,0.761
1797,1
1798,0.84
1799,0
1800,0
1801,0
1802,0.87
1803,0.077
1804,0.251
1805,0
1806,0.122
1807,0
1808,1
1809,0.186
1810,0
1811,0.957
1812,0.071
1813,0
1814,0
1815,0.224
1816,0.01
1817,0.794
1818,0.828
1819,0.789
1820,0.121
1821,0
1822,0.707
1823,0.303
1824,0.079
1825,0.112
1826,0.077
1827,0.83
1828,0.87
1829,0
1830,0.02
1831,0.771
1832,0.094
1833,0.931
1834,0
1835,0.813
1836,0.758
1837,0.632
1838,0.929
1839,0.859
1840,0.193
1841,0.81
1842,0.798
1843,0.786
1844,1
1845,0.026
1846,0.123
1847,0.805
1848,0.787
1849,0.613
1850,0.919
1851,0.842
1852,0
1853,0.683
1854,0
1855,0.808
1856,0.738
1857,0
1858,0
1859,0.047
1860,0.729
1861,0
1862,0.904
1863,0
1864,0.833
1865,0.839
1866,0.02
1867,0
1868,0.135
1869,0.694
1870,0.754
1871,0.935
1872,0.944
1873,0.144
1874,0.635
1875,0.833
1876,0.857
1877,0.737
1878,0.114
1879,0
1880,0.138
1881,0.793
1882,0.034
1883,0.043
1884,0.816
1885,0.906
1886,0.796
1887,0.146
1888,0.091
1889,0.111
1890,0.868
1891,0.093
1892,0.037
1893,0.801
1894,0.311
1895,0.173
1896,0.746
1897,0
1898,0.675
1899,0.873
1900,0
1901,0.776
1902,0.897
1903,0.816
1904,0
1905,0.816
1906,0.136
1907,0.786
1908,0.765
1909,0.833
1910,0.088
1911,0
1912,0
1913,0.246
1914,0
1915,0.903
1916,0
1917,0.6
1918,0
1919,0
1920,0
1921,0.658
1922,0.844
1923,0
1924,0.133
1925,0
1926,0
1927,0.822
1928,0.873
1929,0.782
1930,0.747
1931,0
1932,0
1933,0.85
1934,0.179
1935,0.745
1936,0.689
1937,0
1938,0
1939,0
1940,0.824
1941,0.836
1942,0.133
1943,0.759
1944,0
1945,0.725
1946,0.701
1947,0.012
1948,0.018
1949,0
1950,0.293
1951,0.084
1952,0.91
1953,0.67
1954,0.068
1955,0.727
1956,0.816
1957,0.714
1958,0.768
1959,0
1960,0
1961,0.931
1962,0
1963,0.034
1964,0.185
1965,0.867
1966,0.058
1967,0.808
1968,1
1969,0.68
1970,0.686
1971,0.097
1972,0.607
1973,0.787
1974,0.685
1975,0.799
1976,0.855
1977,0
1978,0.909
1979,0
1980,0.068
1981,0.745
1982,0
1983,0.838
1984,0.811
1985,0.835
1986,0.18
1987,0.728
1988,0.635
1989,0.877
1990,0.676
1991,0.077
1992,0.191
1993,0.256
1994,0.913
1995,0
1996,0.016
1997,0.053
1998,0.805
1999,0.735
2000,0.775
2001,0.151
2002,0.861
2003,0.822
2004,0.882
2005,0.725
2006,0
2007,0.615
2008,0.621
2009,0
2010,0.902
2011,0.729
2012,0.952
2013,0.917
2014,0.878
2015,0.754
2016,0
2017,0
2018,0.663
2019,0.742
2020,0.767
2021,0.722
2022,0.702
2023,0.86
2024,0.825
2025,0.572
2026,0.943
2027,0.756
2028,0
2029,0.654
2030,0.777
2031,0.796
2032,0.163
2033,0.172
2034,0.059
2035,0
2036,0.71
2037,0
2038,0.84
2039,0.774
2040,1
2041,0
2042,0.934
2043,0.76
2044,0.684
2045,0
2046,0.724
2047,0.006
2048,0
2049,0.872
2050,0.687
2051,0
2052,0.896
2053,0.054
2054,0.666
2055,0.682
2056,0.874
2057,0.898
2058,0.322
2059,0.677
2060,1
2061,0.754
2062,0.798
2063,0.775
2064,0.737
2065,0
2066,0.109
2067,0
2068,0.031
2069,0.057
2070,0.643
2071,0.766
2072,0.859
2073,0.722
2074,0.18
2075,0.677
2076,0
2077,0.799
2078,0
2079,0
2080,0
2081,0.038
2082,0.962
2083,0
2084,0.73
2085,0
2086,0.309
2087,0.034
2088,0.945
2089,0.06
2090,0
2091,0.096
2092,0
2093,0.826
2094,0.787
2095,0
2096,0.762
2097,0.814
2098,0
2099,0.085
2100,0
2101,0.92
2102,0
2103,0.189
2104,0.847
2105,0.02
2106,0.086
2107,0.868
2108,0.773
2109,0
2110,0.887
2111,0.722
2112,0.714
2113,0.767
2114,0.905
2115,0.864
2116,0.266
2117,0.128
2118,0.059
2119,0.801
2120,0.114
2121,0.78
2122,0.009
2123,0.786
2124,0
2125,0.053
2126,0.001
2127,0.681
2128,0.163
2129,0
2130,0.95
2131,0
2132,0.757
2133,0.727
2134,0
2135,0.591
2136,0.857
2137,0
2138,0.734
2139,0.193
2140,0.848
2141,0.728
2142,0.721
2143,0.097
2144,0
2145,0
2146,0.891
2147,0.688
2148,0.614
2149,0.713
2150,0.107
2151,0.668
2152,0.135
2153,0.738
2154,0.12
2155,0.737
2156,0.67
2157,0.638
2158,0.258
2159,0.784
2160,0
2161,0.123
2162,0.721
2163,0.982
2164,0.797
2165,0
2166,0.996
2167,0.996
2168,0.615
2169,0.093
2170,0
2171,0.71
2172,0.185
2173,0.1
2174,0.884
2175,0.819
2176,0.731
2177,0.763
2178,0.754
2179,0.745
2180,0.694
2181,0.704
2182,0.726
2183,0.633
2184,0.853
2185,0.842
2186,0.28
2187,0.758
2188,0.301
2189,0
2190,0
2191,0
2192,0.668
2193,0.223
2194,0.807
2195,0
2196,0.235
2197,0.7
2198,0
2199,0.147
2200,0.957
2201,0.622
2202,0
2203,0.801
2204,0
2205,0
2206,0
2207,0.931
2208,0.806
2209,0.606
2210,0
2211,0.768
2212,0.852
2213,0.975
2214,0.866
2215,0.883
2216,0
2217,0.924
2218,0.81
2219,0.984
2220,0.725
2221,0.695
2222,0.162
2223,0
2224,0.196
2225,0.849
2226,0.777
2227,0.946
2228,0
2229,0.887
2230,0.093
2231,0.797
2232,0.953
2233,0.82
2234,0.851
2235,0
2236,0.747
2237,0.922
2238,0
2239,0.656
2240,0.663
2241,0
2242,0.899
2243,0.732
2244,0
2245,0.963
2246,0.048
2247,0.723
2248,0
2249,0.864
2250,0
2251,0.037
2252,0.738
2253,0.711
2254,0.69
2255,0
2256,0.783
2257,0
2258,0.918
2259,0.004
2260,0
2261,0.715
2262,0.708
2263,0.232
2264,0.955
2265,0
2266,0.108
2267,0.014
2268,0.37
2269,0.095
2270,0
2271,0.819
2272,0.65
2273,0.652
2274,0.227
2275,0
2276,0.787
2277,0
2278,0
2279,0.919
2280,0.247
2281,0.084
2282,0
2283,0
2284,0.099
2285,0.115
2286,0
2287,0.796
2288,1
2289,0
2290,0
2291,0.284
2292,0
2293,0
2294,0.779
2295,0.639
2296,0
2297,0.699
2298,0.096
2299,0.776
2300,0
2301,0.754
2302,0.863
2303,0.809
2304,0.047
2305,0.669
2306,0.707
2307,0.901
2308,0.92
2309,0.669
2310,0.771
2311,0.718
2312,0.093
2313,0.132
2314,0.796
2315,0.117
2316,0.078
2317,0
2318,0.213
2319,0.127
2320,0.793
2321,0.747
2322,0.811
2323,0.818
2324,0.231
2325,0.009
2326,0.81
2327,0.094
2328,0.058
2329,0.888
2330,0.772
2331,0.934
2332,0.158
2333,0
2334,0.638
2335,0
2336,0.083
2337,0.679
2338,0.204
2339,0.818
2340,0.734
2341,0.737
2342,0
2343,0.781
2344,0.702
2345,0.079
2346,0.754
2347,0.67
2348,0.201
2349,0
2350,0.723
2351,0.93
2352,0
2353,0.002
2354,0.757
2355,0.796
2356,0.808
2357,0.845
2358,0.749
2359,0
2360,0
2361,0.767
2362,0.883
2363,0
2364,0.754
2365,0.063
2366,0.888
2367,0
2368,0.792
2369,0.88
2370,0
2371,0.743
2372,0.72
2373,0.204
2374,0
2375,0.642
2376,0.811
2377,0.882
2378,0.8
2379,0.687
2380,0.865
2381,0.669
2382,0
2383,0
2384,0.987
2385,0
2386,0.896
2387,0.907
2388,0.153
2389,0.694
2390,0.904
2391,0.82
2392,0.006
2393,0.86
2394,0.922
2395,0.893
2396,0.089
2397,0.683
2398,0.899
2399,0.755
2400,0.813
2401,0
2402,0.779
2403,0
2404,0.645
2405,0.916
2406,0.795
2407,0.807
2408,0.797
2409,0.991
2410,1
2411,0.098
2412,0
2413,0.588
2414,0
2415,0.843
2416,0.095
2417,0.798
2418,0.813
2419,0.953
2420,0
2421,0.662
2422,0.746
2423,0.714
2424,0.88
2425,0.875
2426,0.81
2427,0.311
2428,0
2429,0.551
2430,0
2431,0.904
2432,0.874
2433,0.676
2434,0.093
2435,0.127
2436,0.061
2437,1
2438,0.887
2439,0.154
2440,0.954
2441,0.79
2442,0.885
2443,0.746
2444,0
2445,0
2446,0.823
2447,0.696
2448,0.659
2449,0
2450,0
2451,0
2452,0.621
2453,0.813
2454,0.726
2455,0.012
2456,0.7
2457,0.899
2458,0
2459,0.808
2460,0
2461,0
2462,0.131
2463,0.986
2464,0.631
2465,0.823
2466,0
2467,0.886
2468,0.969
2469,0.763
2470,0.876
2471,0.626
2472,0.184
2473,0.005
2474,0.835
2475,0.139
2476,0.725
2477,0.139
2478,0
2479,0
2480,0.852
2481,0
2482,0.257
2483,0.669
2484,0.11
2485,0.682
2486,0.992
2487,0
2488,0
2489,0.763
2490,0.576
2491,0
2492,0.993
2493,0.765
2494,0.83
2495,0.843
2496,0
2497,0.078
2498,0.279
2499,0.849
2500,0.724
2501,0
2502,0.78
2503,0.926
2504,0
2505,0
2506,0.855
2507,0
2508,0.797
2509,0.841
2510,0.127
2511,0
2512,0
2513,0
2514,0.868
2515,0.045
2516,0.845
2517,0.202
2518,0.02
2519,0
2520,0.615
2521,0.831
2522,0
2523,0
2524,0.042
2525,0.828
2526,0.182
2527,0.748
2528,0.817
2529,0.64
2530,0.663
2531,0.789
2532,0.107
2533,0
2534,0.983
2535,0.925
2536,0.651
2537,0.133
2538,0.784
2539,0.139
2540,0.712
2541,0
2542,0.748
2543,0.686
2544,0.265
2545,0.7
2546,0.168
2547,0.924
2548,0.696
2549,0
2550,0.782
2551,0.829
2552,0.71
2553,0.768
2554,0.892
2555,0.075
2556,0.775
2557,0
2558,0.926
2559,0
2560,0.959
2561,0.71
2562,0
2563,0.979
2564,0
2565,0.712
2566,1
2567,0.832
2568,0.091
2569,0.967
2570,0.763
2571,0.263
2572,0.304
2573,0.053
2574,0.143
2575,0.887
2576,0.78
2577,0.784
2578,0.674
2579,0.684
2580,0.779
2581,0.083
2582,0
2583,0.805
2584,0.158
2585,0.095
2586,0.863
2587,0.727
2588,0.918
2589,0.872
2590,0.856
2591,0.125
2592,1
2593,0.161
2594,0
2595,0.866
2596,0
2597,0.777
2598,0
2599,0.709
2600,0.013
2601,0.77
2602,0.856
2603,0.695
2604,0.857
2605,0.905
2606,0.759
2607,0.677
2608,0.786
2609,0.066
2610,0.823
2611,0
2612,0.708
2613,0.786
2614,0.664
2615,0.205
2616,0.75
2617,0.92
2618,0
2619,0.844
2620,0.761
2621,0.771
2622,0.815
2623,0.028
2624,0.849
2625,0.746
2626,0.952
2627,0
2628,0.066
2629,0.21
2630,0.729
2631,0.929
2632,0
2633,0.716
2634,0
2635,0.146
2636,1
2637,0.897
2638,0.883
2639,0.931
2640,0.941
2641,0
2642,0
2643,0.895
2644,0.907
2645,0.281
2646,0.117
2647,0.625
2648,0.788
2649,0.109
2650,0.732
2651,0.837
2652,0.88
2653,0.066
2654,0
2655,0.768
2656,0
2657,0
2658,0.901
2659,0.777
2660,0.954
2661,0.764
2662,0.93
2663,0.773
2664,0
2665,0.919
2666,0
2667,0.848
2668,0.849
2669,0
2670,0
2671,0.137
2672,0.84
2673,0.724
2674,0.104
2675,0.896
2676,0.084
2677,0.957
2678,0
2679,0.686
2680,0
2681,0.845
2682,0.218
2683,0.853
2684,0
2685,0
2686,0
2687,0.84
2688,0.763
2689,0
2690,0.816
2691,0.626
2692,0
2693,0
2694,0.001
2695,0
2696,0.169
2697,0.755
2698,0
2699,0
2700,0.746
2701,0.88
2702,0.031
2703,0.553
2704,0.759
2705,0.666
2706,0.962
2707,0.685
2708,0.143
2709,0
2710,0
2711,0.6
2712,0.862
2713,0
2714,0.646
2715,0.678
2716,0.794
2717,0
2718,0
2719,0.728
2720,0.881
2721,0.775
2722,0.07
2723,0.768
2724,0.098
2725,0.808
2726,0.973
2727,0.112
2728,0.919
2729,0.892
2730,0
2731,0.15
2732,0.723
2733,0.895
2734,0.025
2735,0.544
2736,0
2737,0.071
2738,0.093
2739,0
2740,0.886
2741,0.639
2742,0.095
2743,0
2744,0.694
2745,0.631
2746,0.648
2747,0.576
2748,0.936
2749,0
2750,0.233
2751,0.89
2752,0.82
2753,0.689
2754,0.802
2755,0.821
2756,0.325
2757,0.853
2758,0.876
2759,0.85
2760,0.945
2761,0
2762,0
2763,0.901
2764,0.772
2765,0
2766,0.753
2767,0
2768,0.898
2769,0.286
2770,0.926
2771,0
2772,0
2773,0.926
2774,0
2775,0.814
2776,1
2777,0.712
2778,0.777
2779,0.851
2780,0
2781,0.711
2782,0.692
2783,0.772
2784,0.641
2785,0.662
2786,0.878
2787,0
2788,0.813
2789,0.864
2790,0.139
2791,0.057
2792,0.725
2793,0.194
2794,0
2795,0.071
2796,0
2797,0.701
2798,0.242
2799,0.825
2800,0.91
2801,0.037
2802,0.989
2803,0.845
2804,0.973
2805,0.062
2806,0
2807,0.701
2808,0.917
2809,0.197
2810,0.832
2811,0
2812,0.631
2813,0.206
2814,0.159
2815,0.096
2816,0.164
2817,0.979
2818,0.103
2819,0.14
2820,0.893
2821,0.81
2822,0.901
2823,0.002
2824,0
2825,0.763
2826,0.157
2827,0.84
2828,0.122
2829,1
2830,0.833
2831,0.774
2832,0.967
2833,0.834
2834,0.908
2835,0
2836,0.82
2837,0.684
2838,0.107
2839,0.832
2840,0.18
2841,0.764
2842,0.814
2843,0.675
2844,0.034
2845,0.836
2846,0
2847,0.542
2848,0.684
2849,0
2850,0.692
2851,0.806
2852,1
2853,0
2854,0.061
2855,0
2856,0.763
2857,0.632
2858,0.082
2859,0.7
2860,0.123
2861,0
2862,0
2863,0
2864,0.769
2865,0.844
2866,0.802
2867,0.72
2868,0
2869,0.861
2870,0.819
2871,0.66
2872,0.147
2873,0.719
2874,0.764
2875,0.805
2876,0.91
2877,0.804
2878,0.798
2879,0.683
2880,0.852
2881,0.596
2882,0.832
2883,0.751
2884,0.911
2885,0.959
2886,0
2887,0.817
2888,0.903
2889,0.791
2890,0.835
2891,0.64
2892,0.152
2893,0.814
2894,0.04
2895,0
2896,0
2897,0.006
2898,0.667
2899,0.186
2900,0
2901,0
2902,0.776
2903,0.642
2904,0.797
2905,0
2906,0.849
2907,0.828
2908,0
2909,0.868
2910,0.926
2911,0.828
2912,0
2913,0.972
2914,0.555
2915,0.736
2916,0.876
2917,0
2918,0
2919,0.096
2920,0
2921,0.857
2922,0.05
2923,0
2924,0.027
2925,0.913
2926,0.805
2927,0.955
2928,0
2929,0
2930,0.101
2931,0
2932,0
2933,0.809
2934,0.91
2935,0.741
2936,0.138
2937,0
2938,0.841
2939,0.705
2940,0.112
2941,0.886
2942,0.103
2943,0
2944,0.888
2945,0
2946,0
2947,0.046
2948,0
2949,0.801
2950,0.725
2951,0
2952,0.834
2953,0.813
2954,0.936
2955,0
2956,0.789
2957,0.802
2958,0.144
2959,0.769
2960,0.165
2961,0
2962,0.743
2963,0.747
2964,0.77
2965,0.814
2966,0.929
2967,0.228
2968,0
2969,0
2970,0.763
2971,0
2972,0.827
2973,0.777
2974,0.122
2975,0.778
2976,0.67
2977,0.638
2978,0.146
2979,0.753
2980,0.821
2981,0.852
2982,0.692
2983,0.145
2984,0.847
2985,0.749
2986,0.712
2987,0
2988,0.865
2989,0.679
2990,0
2991,0.89
2992,0.79
2993,0.778
2994,0.743
2995,0.813
2996,0.68
2997,0.752
2998,0.798
2999,0.788
3000,0.057
3001,0
3002,0.86
3003,0.79
3004,0.652
3005,0.769
3006,0.697
3007,0.75
3008,0.997
3009,0.737
3010,0.293
3011,0.59
3012,0.737
3013,0.779
3014,0.886
3015,0.094
3016,0.977
3017,0
3018,0.896
3019,0.789
3020,0.033
3021,0
3022,0.742
3023,0.871
3024,0.088
3025,0.142
3026,0
3027,0
3028,0
3029,0.219
3030,0
3031,0.633
3032,0.755
3033,0.799
3034,0.059
3035,0.677
3036,0.91
3037,0.628
3038,0.862
3039,0.117
3040,0.826
3041,0.827
3042,0.727
3043,0.84
3044,0.822
3045,0.245
3046,0.759
3047,0.154
3048,0.725
3049,0.911
3050,0.078
3051,0.76
3052,0
3053,0
3054,0.791
3055,0.726
3056,0.717
3057,0.823
3058,0.704
3059,0
3060,0.972
3061,0.77
3062,0.875
3063,0.151
3064,0
3065,0.776
3066,0
3067,0.786
3068,0.151
3069,0.036
3070,0.753
3071,0
3072,0
3073,0.172
3074,0.055
3075,0.057
3076,0.924
3077,0
3078,0.183
3079,0.773
3080,0.834
3081,0.228
3082,0.216
3083,0.05
3084,0.75
3085,0.798
3086,0.628
3087,0.579
3088,0.721
3089,0
3090,0.766
3091,0.868
3092,0.689
3093,0.827
3094,0.785
3095,0.668
3096,0.908
3097,0.801
3098,0.718
3099,0
3100,0.796
3101,0.581
3102,0
3103,0.855
3104,0.154
3105,0.084
3106,0
3107,0
3108,0.895
3109,0
3110,0.371
3111,0.753
3112,0.161
3113,0.77
3114,0.863
3115,0.851
3116,0
3117,0
3118,0.754
3119,0.845
3120,0.716
3121,0
3122,0.787
3123,0.747
3124,0.848
3125,0.94
3126,0.601
3127,0
3128,0.736
3129,0.057
3130,0.116
3131,0.773
3132,0.268
3133,0
3134,0
3135,0.83
3136,0.732
3137,0.07
3138,0.935
3139,0
3140,0.248
3141,0.77
3142,0.68
3143,0.758
3144,0.622
3145,0
3146,1
3147,0.005
3148,0.873
3149,0.882
3150,0
3151,0
3152,0
3153,0.062
3154,0.849
3155,0.723
3156,0.107
3157,0.742
3158,0.902
3159,0
3160,0
3161,0.715
3162,0.876
3163,0.851
3164,0.215
3165,0.847
3166,0.797
3167,0.751
3168,0.75
3169,0
3170,1
3171,0.798
3172,0.564
3173,0
3174,0
3175,0.773
3176,0.106
3177,0.751
3178,0.078
3179,0
3180,0.744
3181,0.17
3182,0.829
3183,0.787
3184,0.962
3185,0
3186,0.734
3187,0.717
3188,0.941
3189,0
3190,0
3191,0.066
3192,0.228
3193,0.138
3194,0
3195,0.952
3196,0.086
3197,0.151
3198,0.989
3199,0.776
3200,0.116
3201,0.651
3202,0.87
3203,0
3204,0.811
3205,0.627
3206,0
3207,0.168
3208,0.73
3209,0.779
3210,0.646
3211,0.708
3212,0
3213,0.063
3214,0
3215,0.939
3216,0.738
3217,0.125
3218,0
3219,0.097
3220,0.926
3221,0.041
3222,0
3223,0
3224,0.732
3225,0.707
3226,0.866
3227,0
3228,0.847
3229,0.144
3230,0.793
3231,0.138
3232,0
3233,0
3234,0.842
3235,0.685
3236,0
3237,0.878
3238,0.784
3239,0.818
3240,0.707
3241,0.888
3242,0.95
3243,0.725
3244,0.195
3245,0.679
3246,0.764
3247,0.621
3248,0
3249,0.79
3250,0.722
3251,0.798
3252,0
3253,0.914
3254,0.706
3255,0.579
3256,0.892
3257,0.282
3258,0.925
3259,0.696
3260,0
3261,0
3262,0.746
3263,0.377
3264,0.818
3265,0.599
3266,0.63
3267,0.829
3268,0
3269,0.008
3270,0
3271,0
3272,0.092
3273,0.962
3274,1
3275,0
3276,0
3277,0.773
3278,0
3279,0.774
3280,0.983
3281,0
3282,0.679
3283,0.522
3284,0.649
3285,0.709
3286,0.727
3287,0.678
3288,0
3289,0.288
3290,0.849
3291,0.902
3292,0.723
3293,0.127
3294,0.963
3295,0.846
3296,0.101
3297,0
3298,0.824
3299,0
3300,0.802
3301,0.901
3302,0.798
3303,0.743
3304,0.729
3305,0.875
3306,0
3307,0.104
3308,0.767
3309,0.257
3310,0
3311,0.796
3312,0
3313,0.036
3314,0.71
3315,0.661
3316,0
3317,0.783
3318,0.717
3319,0.745
3320,0.773
3321,0.925
3322,0.301
3323,0
3324,0.755
3325,0.839
3326,0.773
3327,0.939
3328,0.844
3329,0.04
3330,0.887
3331,0.753
3332,0.1
3333,0.691
3334,0.109
3335,0
3336,0.019
3337,0.699
3338,0.188
3339,0.126
3340,0.161
3341,0.892
3342,0
3343,0.156
3344,0.27
3345,0.719
3346,0.825
3347,0.722
3348,0
3349,0.839
3350,0.919
3351,0.786
3352,0.846
3353,0.855
3354,0.813
3355,0.849
3356,1
3357,0
3358,0
3359,0.768
3360,0.871
3361,0
3362,0
3363,0.67
3364,0.144
3365,0.122
3366,0.734
3367,0.85
3368,0.665
3369,0.794
3370,0.958
3371,0.818
3372,0.183
3373,0.855
3374,0.795
3375,0.866
3376,0.854
3377,0.804
3378,0.622
3379,0.312
3380,0.22
3381,0.917
3382,0.836
3383,0
3384,0.201
3385,0.039
3386,0.108
3387,0.011
3388,0.667
3389,0
3390,0.204
3391,0.08
3392,0.638
3393,0
3394,0.74
3395,0.825
3396,0.787
3397,0.013
3398,0.764
3399,0.974
3400,0.842
3401,0.211
3402,0.742
3403,0
3404,0.778
3405,0.285
3406,0.795
3407,0.831
3408,0
3409,0
3410,0.688
3411,0
3412,0.611
3413,0.674
3414,0.922
3415,0
3416,0.02
3417,0.171
3418,0.92
3419,0
3420,0.749
3421,0.214
3422,0.068
3423,0.652
3424,0.216
3425,0
3426,0.814
3427,0.688
3428,0.749
3429,0
3430,0.867
3431,0
3432,0
3433,0.773
3434,0.861
3435,0.907
3436,0.817
3437,0.835
3438,0.837
3439,0.92
3440,0.761
3441,0
3442,0
3443,0.611
3444,0.716
3445,0
3446,0
3447,0
3448,0.685
3449,0.8
3450,0.788
3451,0.748
3452,0.962
3453,0
3454,0
3455,0
3456,0.824
3457,0.623
3458,0.03
3459,0.746
3460,0.692
3461,0.153
3462,0
3463,0.785
3464,0.828
3465,0.882
3466,0.034
3467,0.93
3468,0.639
3469,0.824
3470,0.848
3471,0.733
3472,0.241
3473,0
3474,0.791
3475,0.792
3476,0.696
3477,0
3478,0.199
3479,0.699
3480,0
3481,0.868
3482,0.906
3483,0.549
3484,0.715
3485,0.833
3486,0.125
3487,0.913
3488,0.851
3489,0.683
3490,0.758
3491,0
3492,0
3493,0
3494,0.916
3495,0.839
3496,0.028
3497,0.831
3498,0.286
3499,0.821
3500,0.71
3501,0.709
3502,0.803
3503,0
3504,0.708
3505,0.141
3506,0
3507,0.699
3508,0.893
3509,0
3510,0.803
3511,0.062
3512,0
3513,0.106
3514,0
3515,0.856
3516,0.697
3517,0
3518,0.67
3519,0.78
3520,0.864
3521,0.985
3522,0
3523,0
3524,0.915
3525,0.951
3526,0
3527,0.175
3528,0.863
3529,0.935
3530,0.066
3531,0.842
3532,0.826
3533,0.149
3534,0.94
3535,0.054
3536,0.131
3537,0.809
3538,0.867
3539,0.197
3540,0.85
3541,0.615
3542,0.047
3543,0.204
3544,0.804
3545,0.84
3546,0.119
3547,0.978
3548,0
3549,0.867
3550,0.05
3551,0.142
3552,0.178
3553,1
3554,0
3555,0.718
3556,0.737
3557,0
3558,0.644
3559,0.231
3560,0.819
3561,0.762
3562,0.182
3563,0.777
3564,0.775
3565,0.756
3566,0.764
3567,0
3568,0.104
3569,0.187
3570,0.756
3571,0.874
3572,0.01
3573,0.69
3574,0
3575,0.692
3576,0
3577,1
3578,0.962
3579,0.2
3580,0.755
3581,0.775
3582,0
3583,0.074
3584,0.023
3585,0.603
3586,0.817
3587,0.213
3588,0
3589,0
3590,0
3591,0
3592,0.252
3593,0.809
3594,0.818
3595,0.718
3596,0
3597,0.185
3598,0.836
3599,0.242
3600,0
3601,0.667
3602,0
3603,0
3604,0.064
3605,0.864
3606,0.218
3607,0.718
3608,0.709
3609,0.805
3610,0.872
3611,0
3612,0.788
3613,0.173
3614,0.651
3615,0.823
3616,0.831
3617,0.856
3618,0.757
3619,0.797
3620,0.78
3621,0.925
3622,0.611
3623,0.881
3624,0.737
3625,0
3626,0.899
3627,0.785
3628,0.923
3629,0.757
3630,0.736
3631,0.114
3632,1
3633,0.13
3634,0.144
3635,0.835
3636,0
3637,0.662
3638,0
3639,0
3640,0.754
3641,0.159
3642,0.179
3643,0.527
3644,0.879
3645,0
3646,0.793
3647,0.785
3648,0
3649,0
3650,0.667
3651,0.226
3652,0.933
3653,0.761
3654,0.7
3655,0.871
3656,0.8
3657,0.133
3658,0.713
3659,0.072
3660,0.725
3661,0.765
3662,0.852
3663,0.828
3664,0.859
3665,0.08
3666,0.734
3667,0.937
3668,0
3669,0.882
3670,0.777
3671,0.722
3672,0.148
3673,0.859
3674,0.675
3675,0.518
3676,0.922
3677,0
3678,0.066
3679,0.098
3680,0.084
3681,0.738
3682,0.944
3683,0.622
3684,0.83
3685,0.777
3686,1
3687,0
3688,0.854
3689,0.168
3690,0.642
3691,0.838
3692,0.86
3693,0.9
3694,0
3695,0.842
3696,0
3697,0.183
3698,0.102
3699,0
3700,0.775
3701,0.175
3702,0
3703,0
3704,0
3705,0.1
3706,0.738
3707,0
3708,0.132
3709,0
3710,0
3711,0.831
3712,0.143
3713,0
3714,0
3715,0
3716,0.734
3717,0.14
3718,0.726
3719,1
3720,0.774
3721,0.851
3722,0.679
3723,0.698
3724,0.134
3725,0
3726,0.815
3727,0.933
3728,0.794
3729,0.64
3730,0.865
3731,0.809
3732,0.802
3733,0.803
3734,0.781
3735,0.808
3736,0
3737,0.748
3738,0
3739,0
3740,0.882
3741,0.737
3742,0.771
3743,0.832
3744,0
3745,0.269
3746,0
3747,0.786
3748,0.915
3749,0
3750,0
3751,0.835
3752,0
3753,0.689
3754,0.78
3755,0.093
3756,0.758
3757,0.862
3758,0.828
3759,0.682
3760,0.935
3761,0.828
3762,0.624
3763,0.659
3764,0.772
3765,0
3766,0
3767,0.941
3768,0.966
3769,0
3770,0.291
3771,0
3772,0.797
3773,0.233
3774,0.924
3775,0.699
3776,0.839
3777,0
3778,0
3779,0.932
3780,0.671
3781,0.221
3782,0.805
3783,0.075
3784,0.609
3785,0.692
3786,0.852
3787,0.898
3788,0.84
3789,0.786
3790,0.834
3791,0
3792,0.781
3793,0.679
3794,0.132
3795,0.144
3796,0.85
3797,0.786
3798,0
3799,0.775
3800,0.023
3801,0.215
3802,0.839
3803,0
3804,0.801
3805,0.904
3806,0.819
3807,0.811
3808,0
3809,0.062
3810,0.899
3811,0
3812,0.263
3813,0
3814,0.609
3815,0.648
3816,0.314
3817,0.245
3818,0.702
3819,0.181
3820,0.28
3821,0.909
3822,0.935
3823,0
3824,0.214
3825,0
3826,0.204
3827,0.076
3828,0.904
3829,0.858
3830,0.708
3831,0.824
3832,0
3833,0.938
3834,0.798
3835,0.865
3836,0.061
3837,0
3838,0
3839,0
3840,0.653
3841,0.909
3842,0.721
3843,0.632
3844,0
3845,0.7
3846,0.699
3847,0
3848,0.906
3849,0.914
3850,0.639
3851,0.119
3852,0
3853,1
3854,0.161
3855,0
3856,0
3857,0.194
3858,0.081
3859,0.818
3860,0.099
3861,0
3862,0.967
3863,0.079
3864,0.881
3865,0.725
3866,0
3867,0.909
3868,0.331
3869,0.618
3870,0
3871,0.802
3872,0.801
3873,1
3874,0
3875,0.685
3876,0.744
3877,0
3878,0.923
3879,0.097
3880,0
3881,0.857
3882,0.157
3883,0.018
3884,0.005
3885,0.749
3886,0
3887,0.803
3888,0.081
3889,0
3890,0.769
3891,0.755
3892,0.687
3893,0.851
3894,0.634
3895,0.773
3896,0.718
3897,0.808
3898,0.174
3899,0.796
3900,0.854
3901,0.2
3902,0.806
3903,0.845
3904,0.698
3905,0.986
3906,0.536
3907,0.059
3908,0.068
3909,0.588
3910,0
3911,0
3912,0.853
3913,0
3914,0.184
3915,0.837
3916,0.859
3917,0.769
3918,0.142
3919,0
3920,0.877
3921,0.021
3922,0.889
3923,0
3924,0.841
3925,0.749
3926,0.74
3927,0
3928,0.177
3929,0.625
3930,0.799
3931,0.15
3932,0.785
3933,0
3934,0.044
3935,0.332
3936,0.012
3937,0.664
3938,0.115
3939,0.835
3940,0
3941,0.11
3942,0.063
3943,0.889
3944,0.712
3945,0
3946,0
3947,0.232
3948,0.748
3949,0.717
3950,0.165
3951,0.735
3952,0.95
3953,0
3954,0.141
3955,0.771
3956,0
3957,0.637
3958,0.079
3959,0.891
3960,0.764
3961,0.719
3962,0
3963,0.598
3964,0.782
3965,0
3966,0.169
3967,0
3968,0.808
3969,0.908
3970,0.214
3971,1
3972,0.177
3973,0.708
3974,0.781
3975,0.646
3976,0.801
3977,0
3978,0.916
3979,0.894
3980,0.643
3981,0.862
3982,0
3983,0.733
3984,0.6
3985,0.939
3986,0
3987,0
3988,0
3989,0.557
3990,0.812
3991,0
3992,0.701
3993,0
3994,0.837
3995,0.261
3996,0
3997,0.768
3998,0.747
3999,0.795
4000,0.156
4001,0
4002,0.766
4003,0.904
4004,0
4005,0
4006,0.914
4007,0.665
4008,0.85
4009,0.823
4010,0.711
4011,0.709
4012,0.242
4013,0.88
4014,0.799
4015,0
4016,0.285
4017,0.102
4018,0
4019,1
4020,0
4021,0
4022,0.813
4023,0.751
4024,0
4025,0.834
4026,0.818
4027,0.06
4028,0
4029,0.872
4030,0
4031,0.617
4032,0.794
4033,0.18
4034,0.893
4035,0
4036,0
4037,0.847
4038,0
4039,0.781
4040,0.047
4041,0
4042,0
4043,0.978
4044,0.957
4045,0
4046,0
4047,0
4048,0.185
4049,0.851
4050,0.112
4051,0
4052,0.084
4053,0
4054,0.249
4055,0.733
4056,0.841
4057,0.782
4058,0.344
4059,0
4060,1
4061,1
4062,0
4063,0.749
4064,0
4065,0
4066,0.667
4067,0.766
4068,0.751
4069,0.873
4070,0.701
4071,0.097
4072,0.088
4073,0.878
4074,0.592
4075,1
4076,0
4077,0.694
4078,0.186
4079,0.865
4080,0
4081,0
4082,0.811
4083,0.788
4084,0
4085,0
4086,0.828
4087,0.87
4088,0.182
4089,0.682
4090,0.786
4091,0.769
4092,0
4093,0.169
4094,0
4095,0.618
4096,0.198
4097,0.189
4098,0
4099,0.108
4100,0.918
4101,0
4102,0.299
4103,0.14
4104,0.838
4105,0
4106,0.059
4107,0
4108,0.804
4109,0.06
4110,0
4111,0.638
4112,0.716
4113,0.244
4114,0.711
4115,0.135
4116,0.828
4117,0.007
4118,0.072
4119,1
4120,0.781
4121,0.719
4122,0
4123,0.847
4124,0
4125,0
4126,0.744
4127,0.77
4128,0
4129,0.182
4130,0.018
4131,0
4132,0.232
4133,0.118
4134,0
4135,0.787
4136,0.131
4137,0.676
4138,0
4139,0
4140,0.659
4141,0.71
4142,0.713
4143,0
4144,0.83
4145,1
4146,0.577
4147,0
4148,0.855
4149,0
4150,0.92
4151,0.83
4152,0
4153,0
4154,0
4155,0
4156,0.765
4157,0.701
4158,0
4159,0.796
4160,0.126
4161,0.722
4162,0.973
4163,0.94
4164,0.857
4165,0.764
4166,0.818
4167,0.853
4168,0.725
4169,0.622
4170,0.718
4171,1
4172,0
4173,0.653
4174,0.818
4175,0.903
4176,0.125
4177,0.1
4178,0.13
4179,0.256
4180,0.736
4181,0.143
4182,0.965
4183,0.052
4184,0
4185,0.146
4186,0.871
4187,0.133
4188,0.812
4189,0
4190,0.738
4191,0.899
4192,0.83
4193,0
4194,0.752
4195,0.756
4196,0.763
4197,0
4198,0.679
4199,0
4200,0.583
4201,0.191
4202,0.829
4203,0.593
4204,0.056
4205,0.905
4206,0.767
4207,0.75
4208,0
4209,0
4210,0.023
4211,0.795
4212,0.895
4213,0.809
4214,0.707
4215,0
4216,0.055
4217,0.868
4218,0
4219,0.165
4220,0
4221,0.841
4222,0.147
4223,0
4224,0.089
4225,0.888
4226,0.078
4227,0.835
4228,0.726
4229,0.863
4230,0
4231,0
4232,0.063
4233,0
4234,0.345
4235,0
4236,0.791
4237,0.81
4238,0.742
4239,0.794
4240,0.895
4241,0
4242,0.085
4243,0.804
4244,0.112
4245,0
4246,0.794
4247,0
4248,0.865
4249,0.757
4250,0.115
4251,0
4252,0.889
4253,0.81
4254,0.805
4255,0
4256,0.773
4257,0.168
4258,0.035
4259,0
4260,0
4261,0.814
4262,0.913
4263,0.864
4264,0.96
4265,0.792
4266,0.67
4267,0
4268,0.929
4269,0.206
4270,0.126
4271,0.889
4272,0.773
4273,0.04
4274,0.086
4275,0.085
4276,0.803
4277,0.882
4278,0.784
4279,0.637
4280,0.328
4281,0
4282,0.888
4283,0
4284,0
4285,0
4286,0.804
4287,0
4288,0.934
4289,0.819
4290,0.094
4291,0.928
4292,0.748
4293,0.902
4294,0.063
4295,0.869
4296,0.013
4297,0
4298,0.048
4299,0.873
4300,0.887
4301,0.141
4302,0.861
4303,0.02
4304,0.791
4305,0
4306,0.875
4307,0.884
4308,0.99
4309,0.775
4310,0.762
4311,0.905
4312,0.692
4313,0.158
4314,0.233
4315,0.081
4316,0.929
4317,0.049
4318,0.776
4319,0
4320,0.718
4321,0.8
4322,0.892
4323,0.894
4324,0
4325,0.667
4326,0.093
4327,0
4328,0
4329,0.778
4330,0.298
4331,0.701
4332,0.773
4333,0.165
4334,0.676
4335,0.9
4336,0.985
4337,0.094
4338,0.88
4339,0.194
4340,0.78
4341,0.162
4342,0.924
4343,0.105
4344,0
4345,0
4346,0.622
4347,0.604
4348,0.683
4349,0
4350,0.843
4351,0.102
4352,0.751
4353,0.7
4354,0.776
4355,0.705
4356,0
4357,0.937
4358,0.932
4359,0.636
4360,0.877
4361,0.802
4362,0
4363,0.764
4364,0.804
4365,0.845
4366,0.707
4367,0.883
4368,0.746
4369,0.085
4370,0.9
4371,0.837
4372,0
4373,0.696
4374,0.132
4375,0.75
4376,0.679
4377,0.848
4378,0.733
4379,0.741
4380,0
4381,0.858
4382,0
4383,0.612
4384,0.75
4385,0
4386,0.828
4387,0
4388,0.769
4389,0.615
4390,0.064
4391,0.735
4392,0.92
4393,0.726
4394,0.551
4395,0
4396,0.099
4397,0
4398,0.553
4399,0.862
4400,0.739
4401,0.924
4402,0.744
4403,0.931
4404,0.727
4405,0.845
4406,0.204
4407,0
4408,0.952
4409,0.806
4410,0.712
4411,0.068
4412,0.011
4413,0.876
4414,0.062
4415,0.852
4416,0.709
4417,0.917
4418,0.703
4419,0.969
4420,0.732
4421,0.761
4422,0.867
4423,0
4424,0.083
4425,0.01
4426,0.912
4427,0.618
4428,1
4429,0.972
4430,0.84
4431,0.855
4432,0.733
4433,0.771
4434,0.764
4435,0
4436,0.757
4437,0
4438,0
4439,0
4440,0.787
4441,0
4442,0.914
4443,0.774
4444,0.974
4445,0.201
4446,0.128
4447,0.97
4448,0.809
4449,0
4450,0.821
4451,0.782
4452,0.799
4453,0.827
4454,0.759
4455,0.675
4456,0
4457,0.638
4458,0.931
4459,0
4460,0.658
4461,0.873
4462,0.851
4463,0.649
4464,0.053
4465,0.714
4466,0.885
4467,0.798
4468,0
4469,0.21
4470,0.86
4471,0.891
4472,0.988
4473,0
4474,0.912
4475,0.076
4476,0.069
4477,0.854
4478,0
4479,0.079
4480,0.671
4481,1
4482,0.016
4483,0.888
4484,0
4485,0.7
4486,0
4487,0.663
4488,0.184
4489,0.192
4490,0.851
4491,0.138
4492,0.85
4493,0.089
4494,0
4495,0.195
4496,0.938
4497,0.739
4498,0.034
4499,0
4500,0.654
4501,0.796
4502,0.852
4503,0.619
4504,0.78
4505,0.782
4506,0.719
4507,0.702
4508,0.056
4509,0.689
4510,0
4511,0.723
4512,0
4513,0.862
4514,0.753
4515,0
4516,0
4517,0.625
4518,0
4519,0.13
4520,0.69
4521,0.884
4522,0.129
4523,0.091
4524,0.153
4525,0.849
4526,0.834
4527,0
4528,0.171
4529,0
4530,0.947
4531,0
4532,0.277
4533,0
4534,0.007
4535,0
4536,0.002
4537,0
4538,0.643
4539,0.685
4540,0.068
4541,0.98
4542,0.721
4543,0.605
4544,0
4545,0.729
4546,0.879
4547,0.738
4548,0.714
4549,0.782
4550,0.977
4551,0.152
4552,0.771
4553,0.042
4554,0
4555,0.872
4556,0.755
4557,0
4558,0
4559,0
4560,0
4561,0.748
4562,0.064
4563,0.864
4564,0.786
4565,0.66
4566,1
4567,0
4568,0.711
4569,0.102
4570,0.388
4571,1
4572,0.652
4573,0.811
4574,0.811
4575,0
4576,0.649
4577,0.073
4578,0.689
4579,0.777
4580,0.824
4581,0
4582,0
4583,0
4584,0.643
4585,0.811
4586,0.967
4587,0.114
4588,0.92
4589,0.945
4590,0.742
4591,0.795
4592,0.028
4593,0.702
4594,0.898
4595,0.706
4596,0.682
4597,0.009
4598,0
4599,0.039
4600,0.914
4601,0.762
4602,0.645
4603,0.792
4604,0
4605,0.8
4606,0
4607,0.869
4608,0
4609,0.714
4610,0.869
4611,0.767
4612,0.103
4613,0.924
4614,0.219
4615,0.73
4616,0
4617,0.841
4618,0
4619,0.787
4620,0.726
4621,0
4622,0.858
4623,0
4624,0.862
4625,0.828
4626,0.685
4627,0.845
4628,0.765
4629,0.047
4630,0.789
4631,0.103
4632,0.081
4633,0.693
4634,0.763
4635,0.245
4636,0.173
4637,0.642
4638,0.631
4639,0.891
4640,0.857
4641,0.681
4642,0.822
4643,0.824
4644,0
4645,0.693
4646,0
4647,0.82
4648,0.72
4649,0
4650,0
4651,0.824
4652,0.91
4653,0
4654,0.876
4655,0.772
4656,0.864
4657,0
4658,0.988
4659,0.081
4660,0.705
4661,0.726
4662,0.894
4663,0.875
4664,0
4665,0
4666,0.812
4667,0
4668,0.768
4669,0.766
4670,0.049
4671,0
4672,0.838
4673,0.063
4674,0.551
4675,0.859
4676,0.834
4677,0
4678,0.283
4679,0.033
4680,0.061
4681,0.886
4682,0.704
4683,0.901
4684,0.155
4685,0.864
4686,0.787
4687,0.68
4688,0.103
4689,1
4690,0.795
4691,0
4692,0.908
4693,0.032
4694,0
4695,0.629
4696,0.67
4697,0.261
4698,0.157
4699,0.192
4700,0
4701,0.76
4702,0.644
4703,0.689
4704,0
4705,0.701
4706,0.906
4707,0.791
4708,0.7
4709,0.917
4710,0.847
4711,0.686
4712,0.84
4713,0.079
4714,0
4715,0.726
4716,0.684
4717,0.757
4718,0.704
4719,0.067
4720,0.886
4721,0.06
4722,0.933
4723,0
4724,0
4725,0.692
4726,0
4727,0.785
4728,0.127
4729,0.842
4730,0.818
4731,0.728
4732,0.143
4733,0
4734,0.975
4735,0.62
4736,0.723
4737,0.737
4738,0.701
4739,0.768
4740,0
4741,0.053
4742,0.867
4743,0.763
4744,0.178
4745,0.006
4746,0.188
4747,0
4748,0.793
4749,0
4750,0.309
4751,0.044
4752,0
4753,0.886
4754,0.748
4755,0
4756,0.689
4757,0
4758,0.825
4759,0.745
4760,0.878
4761,0.201
4762,0.216
4763,0
4764,0
4765,0.81
4766,0.93
4767,0.789
4768,0.64
4769,0.806
4770,0
4771,0.142
4772,0.908
4773,0.113
4774,0.982
4775,0.974
4776,0.169
4777,0.147
4778,0
4779,0.723
4780,0.741
4781,0.069
4782,0.717
4783,0.723
4784,0.066
4785,0.75
4786,0
4787,0.839
4788,0.781
4789,0.058
4790,0.932
4791,0.846
4792,0.693
4793,0.621
4794,0.18
4795,0.718
4796,0.696
4797,0.074
4798,0.829
4799,0.88
4800,0.188
4801,0.773
4802,0.046
4803,0.834
4804,0.316
4805,0.187
4806,0.75
4807,0.804
4808,0.713
4809,0.702
4810,0
4811,1
4812,0.757
4813,0.844
4814,0.637
4815,0.879
4816,0.788
4817,0.039
4818,0.863
4819,0.778
4820,0
4821,0
4822,0.899
4823,0.813
4824,0
4825,0.723
4826,0.982
4827,0.766
4828,0.004
4829,0.629
4830,0
4831,0.859
4832,0.538
4833,0.158
4834,0
4835,0.76
4836,0.938
4837,0.099
4838,0.993
4839,0.201
4840,0
4841,0.803
4842,0.864
4843,0.91
4844,0.208
4845,0.087
4846,0.151
4847,0.824
4848,0.789
4849,0.117
4850,0.802
4851,0.781
4852,0.086
4853,0.787
4854,0.164
4855,0
4856,0.635
4857,0.851
4858,0.612
4859,0.716
4860,0.723
4861,0.132
4862,0.015
4863,0.801
4864,0.81
4865,0
4866,0.658
4867,0.881
4868,0
4869,0.22
4870,0.044
4871,0.816
4872,0.053
4873,0.791
4874,0.754
4875,0.665
4876,0.868
4877,0.932
4878,0.834
4879,0.725
4880,0
4881,0.097
4882,0
4883,0
4884,0.771
4885,0.758
4886,0
4887,0.721
4888,0
4889,0.728
4890,0.912
4891,0.818
4892,0
4893,0.788
4894,0.792
4895,0.753
4896,0
4897,0.799
4898,0.205
4899,0.889
4900,0.747
4901,0.206
4902,0
4903,0.095
4904,1
4905,0
4906,0.643
4907,0.799
4908,0.83
4909,0.718
4910,0
4911,0.643
4912,0.031
4913,0.941
4914,0.835
4915,0.849
4916,0.767
4917,0.751
4918,0.842
4919,0.585
4920,0
4921,0.618
4922,0.719
4923,0
4924,0.107
4925,0.066
4926,0
4927,0.231
4928,0.738
4929,0.729
4930,0
4931,0.092
4932,0.267
4933,0.863
4934,0.869
4935,0.056
4936,0.897
4937,0
4938,0.782
4939,0.088
4940,0.856
4941,0.169
4942,0
4943,0
4944,0.87
4945,0
4946,0.742
4947,0.168
4948,0.912
4949,0.11
4950,0.112
4951,0.967
4952,0
4953,0.684
4954,0.621
4955,0.171
4956,0.738
4957,0.173
4958,0
4959,0.66
4960,0
4961,0.766
4962,0
4963,0.823
4964,0
4965,0.345
4966,0
4967,0.555
4968,0.833
4969,0.87
4970,0.733
4971,0.873
4972,0.867
4973,0.844
4974,0.872
4975,0.198
4976,0.811
4977,0.835
4978,0.705
4979,0
4980,0.052
4981,0.817
4982,0
4983,0
4984,0.88
4985,0.699
4986,0.819
4987,0.157
4988,0
4989,0.851
4990,0
4991,0.83
4992,0
4993,0.733
4994,0.81
4995,0.876
4996,0.85
4997,0.939
4998,0.819
4999,0.688
5000,0.138
5001,0.867
5002,0.921
5003,0.909
5004,0.653
5005,0.9
5006,0
5007,0.666
5008,0.882
5009,0.945
5010,0.691
5011,0.927
5012,0.268
5013,0
5014,0.747
5015,0.65
5016,0.897
5017,0.837
5018,0.71
5019,0
5020,0.756
5021,0.852
5022,0.729
5023,0.727
5024,0.848
5025,0.803
5026,0.851
5027,0.824
5028,0.853
5029,0.802
5030,0.711
5031,0.833
5032,0.833
5033,0.025
5034,0.605
5035,0
5036,0.21
5037,0.937
5038,0.858
5039,0.78
5040,0.769
5041,1
5042,0.706
5043,0.874
5044,0.048
5045,0.923
5046,0.732
5047,0.006
5048,0.915
5049,0.617
5050,0.145
5051,0.024
5052,0
5053,0
5054,0.914
5055,0
5056,0.165
5057,0
5058,0.691
5059,0.88
5060,0.037
5061,0.972
5062,0.838
5063,0.738
5064,0
5065,0.049
5066,0.751
5067,0
5068,0.292
5069,0
5070,0.78
5071,0.261
5072,0.642
5073,0.742
5074,0.762
5075,0.791
5076,0.101
5077,0
5078,0.701
5079,0.925
5080,0.848
5081,0.81
5082,0.696
5083,0.797
5084,0.773
5085,0.032
5086,0.811
5087,1
5088,0.723
5089,0.104
5090,0.849
5091,0.696
5092,0.332
5093,0.71
5094,0.728
5095,0.681
5096,0
5097,0.695
5098,0.675
5099,0.681
5100,0.114
5101,0.332
5102,0
5103,0.149
5104,0.524
5105,0
5106,0.71
5107,0.832
5108,0
5109,0.148
5110,0
5111,0.83
5112,0.865
5113,0.756
5114,0.789
5115,0.227
5116,0
5117,0.877
5118,0.895
5119,0.829
5120,0.217
5121,0.144
5122,0.904
5123,0
5124,0.864
5125,0.801
5126,0.766
5127,0
5128,0.569
5129,0.847
5130,0
5131,0.003
5132,0.704
5133,0.007
5134,0.918
5135,0.717
5136,0
5137,0.94
5138,0.826
5139,0.187
5140,0
5141,0.125
5142,0
5143,0.688
5144,0.388
5145,0.859
5146,0.13
5147,0.659
5148,0.746
5149,0.918
5150,0.661
5151,0.808
5152,0.75
5153,0
5154,0.819
5155,0.663
5156,0.725
5157,0.717
5158,0
5159,0
5160,0.814
5161,0.019
5162,0.736
5163,0.959
5164,0
5165,0.847
5166,0.949
5167,0.784
5168,0.125
5169,0.837
5170,0.215
5171,0.728
5172,0.122
5173,0.654
5174,0.81
5175,0.1
5176,0.817
5177,0.173
5178,0
5179,0.795
5180,0.772
5181,0.071
5182,0.781
5183,0.878
5184,0
5185,0.103
5186,0.922
5187,0
5188,0.819
5189,0.778
5190,0.909
5191,0
5192,0.062
5193,0
5194,0.846
5195,0
5196,0.76
5197,0
5198,0.195
5199,0.854
5200,0.905
5201,0.805
5202,0
5203,0.612
5204,0
5205,0.855
5206,0.102
5207,0.723
5208,0.732
5209,0
5210,0.181
5211,0.747
5212,0.811
5213,0.936
5214,0.837
5215,0.109
5216,0.917
5217,0.047
5218,0.709
5219,0
5220,0.749
5221,0.75
5222,0.741
5223,0.944
5224,0.699
5225,0.963
5226,0.014
5227,0.86
5228,0.232
5229,0.742
5230,0.822
5231,0.846
5232,0.745
5233,0.792
5234,0
5235,0.918
5236,0.847
5237,0.846
5238,0.678
5239,0.747
5240,0.006
5241,0.597
5242,0.874
5243,0
5244,0.89
5245,0.927
5246,1
5247,0
5248,0.747
5249,0.832
5250,0.852
5251,0.056
5252,0.767
5253,0.912
5254,0.851
5255,0.642
5256,0.764
5257,0.876
5258,0.176
5259,0
5260,0.661
5261,0.929
5262,0.828
5263,0.741
5264,0.841
5265,0
5266,0
5267,0
5268,0.176
5269,0.81
5270,0.74
5271,0.109
5272,0.906
5273,0.083
5274,0.899
5275,0.109
5276,0.083
5277,0.837
5278,0.057
5279,0.859
5280,0.639
5281,0.198
5282,0.742
5283,1
5284,0.706
5285,0.143
5286,0.877
5287,0.139
5288,0.677
5289,0.878
5290,0.897
5291,0.725
5292,0
5293,0.627
5294,0.922
5295,0.26
5296,0.645
5297,0.114
5298,0.065
5299,0
5300,0.249
5301,1
5302,0.25
5303,0.903
5304,0.139
5305,0.084
5306,0.886
5307,0.069
5308,0.905
5309,0.693
5310,0.864
5311,0
5312,0
5313,0.882
5314,0.012
5315,0.111
5316,0.117
5317,0.074
5318,0.2
5319,0.765
5320,0.83
5321,0
5322,0
5323,0.852
5324,0.886
5325,0.761
5326,0
5327,0.751
5328,0
5329,0.089
5330,0
5331,0.297
5332,0.79
5333,0.839
5334,0
5335,0.866
5336,0.76
5337,0.9
5338,0
5339,0.162
5340,0.713
5341,0.776
5342,0.881
5343,0.689
5344,0.087
5345,0.33
5346,0
5347,0.915
5348,0
5349,0.841
5350,0.843
5351,0.57
5352,0.647
5353,0.917
5354,0.154
5355,0.778
5356,0.229
5357,0.924
5358,0
5359,0.712
5360,0.921
5361,0
5362,0
5363,0.744
5364,0.868
5365,0
5366,0.884
5367,0.809
5368,0.099
5369,0.127
5370,0.129
5371,0.157
5372,0.334
5373,0.812
5374,0.829
5375,0.256
5376,0.825
5377,0.686
5378,0.942
5379,0.68
5380,0.084
5381,0.78
5382,0.776
5383,0
5384,0.72
5385,0.038
5386,0.72
5387,0.084
5388,0.186
5389,0.844
5390,0.905
5391,0.765
5392,0.627
5393,0.724
5394,0.868
5395,0
5396,0.826
5397,0.733
5398,0.085
5399,0.902
5400,0.632
5401,0.9
5402,0.207
5403,0.729
5404,0.07
5405,0.119
5406,0.758
5407,0.855
5408,0
5409,0
5410,0
5411,0.804
5412,0.87
5413,0
5414,0.646
5415,0.64
5416,0.77
5417,0.805
5418,0
5419,0
5420,0.848
5421,0.084
5422,0
5423,0
5424,0
5425,0.836
5426,0.639
5427,0.153
5428,0.936
5429,0.801
5430,1
5431,0.84
5432,0.058
5433,0.807
5434,0.883
5435,0.658
5436,0.179
5437,0.589
5438,0.024
5439,0
5440,0.91
5441,0.72
5442,0.697
5443,0
5444,0.763
5445,0
5446,0.711
5447,0.846
5448,0.726
5449,0.282
5450,0.18
5451,0.196
5452,0
5453,0.879
5454,0.73
5455,0.845
5456,0.142
5457,0.741
5458,0.738
5459,0.677
5460,0.964
5461,0.168
5462,0.283
5463,1
5464,0.813
5465,0.794
5466,0.801
5467,0.037
5468,0.12
5469,0.08
5470,0.699
5471,0.916
5472,0.719
5473,0.024
5474,0.916
5475,0.885
5476,0.154
5477,0.707
5478,0.844
5479,0.773
5480,0.751
5481,0.799
5482,0.676
5483,0.63
5484,0
5485,0.961
5486,0.843
5487,0.921
5488,0.808
5489,0.983
5490,0
5491,0
5492,0
5493,0
5494,0.769
5495,0.846
5496,0.889
5497,0.925
5498,0.654
5499,0.694
5500,0.088
5501,0.722
5502,0
5503,0.283
5504,0.961
5505,0.832
5506,0.858
5507,0.042
5508,0.067
5509,0.656
5510,0
5511,0.913
5512,0.615
5513,0
5514,0.057
5515,0.796
5516,0.133
5517,0.107
5518,0.809
5519,0.734
5520,0.872
5521,0.056
5522,0
5523,0
5524,0.92
5525,0.784
5526,0
5527,0.102
5528,0.765
5529,0
5530,0.096
5531,0.722
5532,0.728
5533,0.166
5534,0
5535,0.842
5536,0.07
5537,0
5538,0.822
5539,0.985
5540,0.691
5541,0.73
5542,0.814
5543,0
5544,0.816
5545,0.824
5546,0.71
5547,0.784
5548,0.705
5549,0.112
5550,0.036
5551,0.917
5552,0.791
5553,0.871
5554,0.004
5555,0.79
5556,0.715
5557,0
5558,0.132
5559,0
5560,0
5561,0
5562,0.725
5563,0.66
5564,0
5565,0.769
5566,0.834
5567,0.313
5568,0.669
5569,0.858
5570,0
5571,0.851
5572,0.868
5573,0.665
5574,0.771
5575,0.736
5576,0
5577,0.944
5578,0.793
5579,0.138
5580,0.763
5581,0.77
5582,0.148
5583,0.114
5584,0
5585,0
5586,0.767
5587,0.993
5588,0.17
5589,0.066
5590,0.84
5591,0.859
5592,0.293
5593,0.758
5594,0.232
5595,0.843
5596,0.026
5597,0
5598,0.99
5599,0.807
5600,0
5601,0
5602,0.85
5603,0.093
5604,0.689
5605,0
5606,0.755
5607,0.823
5608,0.028
5609,0.68
5610,0
5611,0.734
5612,0.737
5613,0.788
5614,0.108
5615,0.667
5616,0.729
5617,0.785
5618,0.67
5619,0.858
5620,0
5621,0
5622,0
5623,0.027
5624,0
5625,0.772
5626,0.707
5627,0
5628,0
5629,0.696
5630,0.7
5631,0.955
5632,0.726
5633,0
5634,0.264
5635,0.153
5636,0.919
5637,0.89
5638,0
5639,0.924
5640,0.091
5641,1
5642,0.907
5643,0.115
5644,0.759
5645,1
5646,0.631
5647,0.814
5648,0.905
5649,0.791
5650,0.677
5651,0.808
5652,0
5653,0.195
5654,0
5655,0.742
5656,0.109
5657,0.743
5658,0
5659,0.816
5660,0.279
5661,0.826
5662,0.071
5663,0
5664,0.76
5665,0.735
5666,0.594
5667,0.79
5668,0.759
5669,0.735
5670,0.674
5671,0.828
5672,0.75
5673,0.683
5674,0.819
5675,0.872
5676,0.773
5677,0.855
5678,0.077
5679,0
5680,0.693
5681,0
5682,0.796
5683,0.217
5684,0.851
5685,0.022
5686,0
5687,0.952
5688,0
5689,0.784
5690,0
5691,0
5692,0.717
5693,1
5694,0.758
5695,0.064
5696,0.731
5697,0
5698,0.896
5699,0.057
5700,0.765
5701,0.705
5702,0.135
5703,0.795
5704,0.649
5705,0.815
5706,0.763
5707,0.102
5708,0.673
5709,0
5710,0.663
5711,0.763
5712,0.924
5713,0.911
5714,0
5715,0.128
5716,0
5717,0
5718,0.892
5719,0.172
5720,0.017
5721,0.193
5722,0.807
5723,0.703
5724,0.811
5725,0
5726,0
5727,0
5728,0.75
5729,0.123
5730,0.763
5731,0.858
5732,0
5733,0.707
5734,0.693
5735,0.887
5736,0.912
5737,0.026
5738,0.073
5739,0.79
5740,0.008
5741,0.11
5742,0.722
5743,0.185
5744,0.769
5745,0
5746,0.865
5747,0.794
5748,0.259
5749,0.85
5750,0.707
5751,0.77
5752,0.792
5753,0.883
5754,0.286
5755,0.851
5756,0.956
5757,0.827
5758,0
5759,0.246
5760,0.176
5761,0.027
5762,0.115
5763,0.633
5764,0.872
5765,0.718
5766,0
5767,0
5768,0.848
5769,0.757
5770,0.654
5771,0.058
5772,0.957
5773,0.05
5774,0.67
5775,0.156
5776,0.747
5777,0.974
5778,0.724
5779,0
5780,0
5781,0
5782,0.594
5783,0.664
5784,0
5785,0
5786,0
5787,0.797
5788,0.914
5789,0.109
5790,0.94
5791,0.708
5792,0.133
5793,0.166
5794,0
5795,0.728
5796,0.877
5797,0.921
5798,0.687
5799,0
5800,0.071
5801,0.737
5802,0.118
5803,0.864
5804,0.19
5805,0.739
5806,0.179
5807,0
5808,0.078
5809,0.821
5810,0
5811,0.768
5812,0.81
5813,0.078
5814,0.1
5815,0.146
5816,0
5817,0.627
5818,0.773
5819,0.068
5820,0.952
5821,0.939
5822,0
5823,0
5824,0.155
5825,0
5826,0
5827,0.802
5828,0
5829,0.672
5830,0
5831,0.702
5832,0.799
5833,0.298
5834,0.014
5835,0
5836,0
5837,0.177
5838,0
5839,0
5840,0
5841,0.777
5842,0.136
5843,0.754
5844,0.849
5845,0.142
5846,0
5847,0
5848,0.905
5849,0.214
5850,0
5851,0.859
5852,0.855
5853,0.741
5854,0
5855,0
5856,0.102
5857,0
5858,0.214
5859,0.708
5860,0.771
5861,0.803
5862,0.133
5863,0
5864,0.636
5865,0.934
5866,0.673
5867,0
5868,0.68
5869,0.816
5870,0
5871,0
5872,0
5873,0
5874,0.745
5875,0.848
5876,0.885
5877,0.736
5878,0
5879,0.556
5880,0.642
5881,0.696
5882,0.772
5883,0
5884,0
5885,0
5886,0.141
5887,0.042
5888,0.859
5889,0.847
5890,0.872
5891,0
5892,0.766
5893,0.81
5894,0
5895,0
5896,0.909
5897,0.899
5898,0.091
5899,0.087
5900,0.146
5901,0
5902,0.972
5903,0.891
5904,0.208
5905,0.1
5906,0.775
5907,0
5908,1
5909,0.801
5910,0.765
5911,0.71
5912,0.726
5913,0.089
5914,0.855
5915,0.792
5916,0.778
5917,0.717
5918,0.737
5919,0.818
5920,0.86
5921,0.287
5922,0
5923,0.913
5924,0.84
5925,0.877
5926,0
5927,0
5928,0
5929,0.216
5930,0
5931,0.211
5932,0
5933,0.84
5934,0.177
5935,0.772
5936,0.044
5937,0.72
5938,0.951
5939,0.699
5940,0.957
5941,0.931
5942,0.897
5943,0
5944,0.041
5945,0.799
5946,0.712
5947,0
5948,0.008
5949,0.862
5950,0.793
5951,0.865
5952,0
5953,0.04
5954,0.023
5955,0
5956,0.787
5957,0.874
5958,0.78
5959,0.812
5960,0.174
5961,0.855
5962,0
5963,0.754
5964,0
5965,0.999
5966,0
5967,0
5968,0
5969,0.81
5970,0.028
5971,0.247
5972,0.895
5973,0.204
5974,0.851
5975,0
5976,0.696
5977,0.721
5978,0.743
5979,0.737
5980,0
5981,0.999
5982,0.796
5983,0.903
5984,0.133
5985,0.76
5986,0
5987,0.831
5988,0.206
5989,0.05
5990,0
5991,0.904
5992,0
5993,0.801
5994,0.757
5995,0.715
5996,0.778
5997,0.113
5998,0.795
5999,1
6000,0.732
6001,0
6002,0
6003,0.973
6004,0.675
6005,0.908
6006,0.028
6007,0.774
6008,0
6009,0.722
6010,0.121
6011,0.799
6012,0.97
6013,0.785
6014,0.817
6015,0.793
6016,0.752
6017,0.631
6018,0.699
6019,0.855
6020,0.935
6021,0.989
6022,0.124
6023,0.876
6024,0.82
6025,0.749
6026,0.173
6027,0.871
6028,0.804
6029,0
6030,0.775
6031,0.165
6032,0
6033,0
6034,0.735
6035,0.226
6036,0.04
6037,0.101
6038,0
6039,0.885
6040,0.842
6041,0.253
6042,0.069
6043,0.822
6044,0
6045,0.73
6046,0
6047,0.716
6048,0.332
6049,0.257
6050,0
6051,0.128
6052,0.937
6053,0
6054,0.88
6055,0.208
6056,0.654
6057,0.309
6058,0
6059,0.868
6060,0.711
6061,0.146
6062,0.894
6063,0.635
6064,0.78
6065,0
6066,0.02
6067,0.79
6068,0.786
6069,0.847
6070,0.916
6071,0.773
6072,0.676
6073,0.189
6074,0.706
6075,0.654
6076,0.739
6077,0.178
6078,0.653
6079,0.13
6080,0.779
6081,0
6082,0
6083,0
6084,0.711
6085,0.856
6086,0.808
6087,0.119
6088,0.739
6089,0.168
6090,0.047
6091,0.745
6092,1
6093,0
6094,0.786
6095,0
6096,0
6097,0.617
6098,0.886
6099,0
6100,0.154
6101,0.654
6102,0.679
6103,0
6104,0.637
6105,0.085
6106,0.702
6107,0.127
6108,0.635
6109,0.038
6110,0.839
6111,0
6112,0.992
6113,0.145
6114,0.79
6115,0
6116,0
6117,0.899
6118,0.124
6119,0
6120,0.934
6121,0.044
6122,0
6123,0.931
6124,0
6125,0.836
6126,0.869
6127,0.812
6128,0.974
6129,0
6130,0.205
6131,0.07
6132,0
6133,0.934
6134,0.749
6135,0.85
6136,0.238
6137,0.789
6138,0.802
6139,0.765
6140,0.811
6141,0.851
6142,0
6143,0
6144,0
6145,0.809
6146,0.198
6147,0
6148,0
6149,0.058
6150,0.807
6151,0.925
6152,0.213
6153,0.902
6154,0
6155,0
6156,1
6157,1
6158,0.843
6159,0
6160,0.13
6161,0.153
6162,0.793
6163,0.69
6164,0
6165,0.655
6166,0.907
6167,0.828
6168,0.112
6169,0
6170,0
6171,0.801
6172,0.798
6173,0.723
6174,0.687
6175,0
6176,0.777
6177,0.81
6178,0
6179,0.135
6180,0
6181,0
6182,0.216
6183,0
6184,0.98
6185,0
6186,0
6187,0.804
6188,0.696
6189,0.814
6190,0.143
6191,0.271
6192,0.049
6193,0
6194,0
6195,0.101
6196,0.79
6197,0.927
6198,0
6199,0.856
6200,0.828
6201,0.068
6202,0
6203,0
6204,0.922
6205,0.629
6206,0.718
6207,0.112
6208,0
6209,0.083
6210,0.644
6211,0.727
6212,0.856
6213,0.793
6214,0.856
6215,0.911
6216,0.949
6217,0.93
6218,0
6219,0.92
6220,1
6221,0.971
6222,0.082
6223,0.84
6224,0.847
6225,0.742
6226,0.972
6227,0.946
6228,0.749
6229,0.786
6230,0
6231,0.8
6232,0.156
6233,0
6234,0
6235,0.895
6236,0.741
6237,0.887
6238,0.031
6239,0
6240,0.814
6241,0.055
6242,0.74
6243,0
6244,0.163
6245,0
6246,0
6247,0.682
6248,0.746
6249,0.714
6250,0.758
6251,0
6252,0.98
6253,0.029
6254,0
6255,0.204
6256,0.844
6257,0
6258,0
6259,0.885
6260,0.731
6261,0.759
6262,0.089
6263,0.719
6264,0
6265,0.611
6266,0
6267,0.815
6268,0.176
6269,0
6270,0
6271,0.136
6272,0.004
6273,0.686
6274,0.737
6275,0.922
6276,0
6277,0.769
6278,0.771
6279,0
6280,0.923
6281,0
6282,0.834
6283,0.712
6284,0.154
6285,0.796
6286,0.03
6287,0
6288,0
6289,0.882
6290,0.799
6291,0.833
6292,0.267
6293,0.646
6294,0.105
6295,0.833
6296,0.159
6297,0.769
6298,0.755
6299,0
6300,0
6301,0.84
6302,0.055
6303,0
6304,0.835
6305,0.717
6306,0.877
6307,0.842
6308,0.886
6309,0
6310,0
6311,0.12
6312,0
6313,0.749
6314,0
6315,0.18
6316,0.754
6317,0.673
6318,0.842
6319,0.913
6320,0.935
6321,0.197
6322,0.057
6323,0.906
6324,0.924
6325,0.562
6326,0.884
6327,0.14
6328,0
6329,0.763
6330,0.167
6331,0.828
6332,0.982
6333,0
6334,0
6335,0.963
6336,0.139
6337,0.751
6338,0.765
6339,0.822
6340,0.139
6341,0.058
6342,0.845
6343,0
6344,0.911
6345,0.824
6346,0.541
6347,0.825
6348,0
6349,0.865
6350,0.912
6351,0.875
6352,0.867
6353,0.833
6354,0.069
6355,0
6356,0
6357,0
6358,0.806
6359,0.155
6360,0
6361,0.78
6362,0.582
6363,0
6364,0
6365,0.813
6366,0.574
6367,0.122
6368,0.829
6369,0.795
6370,0
6371,0.895
6372,0
6373,0.69
6374,0
6375,0.955
6376,0
6377,0.106
6378,0
6379,0.822
6380,0
6381,0.766
6382,0
6383,0.171
6384,0.897
6385,0
6386,0.007
6387,0.822
6388,0
6389,0.852
6390,0.831
6391,0.874
6392,0.905
6393,0
6394,0.887
6395,0.208
6396,0.803
6397,0.791
6398,0.091
6399,0.66
6400,0.627
6401,0.954
6402,0
6403,0.795
6404,0
6405,0.676
6406,0
6407,0.692
6408,0.088
6409,0.095
6410,0.303
6411,0.889
6412,0.783
6413,0.143
6414,0.873
6415,0.103
6416,0.84
6417,0.773
6418,0.804
6419,0.237
6420,0.737
6421,0
6422,0.947
6423,0.117
6424,0.817
6425,0.014
6426,0.239
6427,0.763
6428,0.955
6429,0.128
6430,0.819
6431,0.74
6432,0.578
6433,0.759
6434,0.049
6435,0.825
6436,0.115
6437,0.766
6438,0.008
6439,0.119
6440,0.85
6441,0.189
6442,0.63
6443,0.541
6444,0.747
6445,0.84
6446,0
6447,0.855
6448,0
6449,0.157
6450,0
6451,0
6452,0.75
6453,0.025
6454,0.685
6455,0.181
6456,0
6457,0.244
6458,0.711
6459,0.967
6460,0.69
6461,0.954
6462,0
6463,0.878
6464,0.813
6465,0.883
6466,0.15
6467,0
6468,0.806
6469,0
6470,0.587
6471,0.964
6472,0.687
6473,0.812
6474,0
6475,0.828
6476,0
6477,0.296
6478,0
6479,0.906
6480,0
6481,0.732
6482,0.975
6483,0.86
6484,1
6485,0.545
6486,0.038
6487,0.865
6488,0
6489,0
6490,0.027
6491,0
6492,0.645
6493,0.997
6494,0
6495,0
6496,0.551
6497,0.92
6498,0.207
6499,0
6500,0
6501,0.684
6502,0.773
6503,0.834
6504,0.715
6505,0.884
6506,0
6507,0.142
6508,0.868
6509,0.914
6510,0.783
6511,0.042
6512,0
6513,0.071
6514,0.863
6515,0.127
6516,0.845
6517,0.51
6518,0
6519,0.723
6520,0
6521,0
6522,0
6523,0.863
6524,0.917
6525,0.855
6526,0.752
6527,0.253
6528,0.963
6529,0.107
6530,0.758
6531,0.881
6532,0.814
6533,0.743
6534,0.785
6535,0.77
6536,0.162
6537,0
6538,0.759
6539,0
6540,0.187
6541,0.216
6542,1
6543,0.145
6544,0.841
6545,0.676
6546,0
6547,0
6548,0.883
6549,0
6550,0.171
6551,0.141
6552,0
6553,0.634
6554,0.248
6555,0
6556,0
6557,0
6558,0.681
6559,0.84
6560,0.79
6561,0.82
6562,0.771
6563,0.816
6564,0.849
6565,0.819
6566,0.729
6567,0
6568,0
6569,0.712
6570,0.05
6571,0
6572,0.636
6573,0.128
6574,0
6575,0.231
6576,0.839
6577,0.725
6578,0
6579,0.648
6580,0.786
6581,0.714
6582,0.816
6583,0.842
6584,0.936
6585,0.773
6586,0.83
6587,0
6588,0
6589,0
6590,0
6591,0.561
6592,0.9
6593,0
6594,0.658
6595,0
6596,0
6597,0.71
6598,0
6599,0
6600,0.696
6601,0.643
6602,0.922
6603,0.745
6604,0.675
6605,0.873
6606,0.802
6607,0.633
6608,0.682
6609,0
6610,0.117
6611,0
6612,0
6613,0.062
6614,0.896
6615,0.604
6616,0.833
6617,0
6618,0.781
6619,0.108
6620,0
6621,0
6622,0.294
6623,0.712
6624,0
6625,0
6626,0.839
6627,0.159
6628,0.71
6629,0.044
6630,0
6631,0
6632,0.659
6633,0.199
6634,0.661
6635,0.851
6636,0.912
6637,0.671
6638,0.945
6639,0.093
6640,0.053
6641,0.759
6642,0.948
6643,0.082
6644,0
6645,0
6646,0.804
6647,0
6648,0.098
6649,0.802
6650,0.881
6651,0.7
6652,0.263
6653,0.079
6654,0.223
6655,0.657
6656,0.947
6657,0
6658,0.728
6659,0
6660,0.757
6661,0.079
6662,0.006
6663,0.769
6664,0
6665,0.209
6666,0.829
6667,0.762
6668,0.813
6669,0.749
6670,0
6671,0.74
6672,0
6673,0.815
6674,0.959
6675,0
6676,0.757
6677,0.762
6678,0.706
6679,0.139
6680,0.853
6681,0
6682,0.758
6683,0.916
6684,0.839
6685,0
6686,0.983
6687,0.858
6688,0.074
6689,0.148
6690,0.791
6691,0.671
6692,0.718
6693,0
6694,0.14
6695,0
6696,0.759
6697,0.643
6698,0.508
6699,0
6700,0.89
6701,0.74
6702,0
6703,0.115
6704,0
6705,0.724
6706,0.182
6707,0.095
6708,0.074
6709,0.663
6710,0.763
6711,0.057
6712,0
6713,0.735
6714,0.172
6715,0
6716,0
6717,0
6718,0.83
6719,0
6720,0.746
6721,0.872
6722,0
6723,0.928
6724,0
6725,0
6726,0.1
6727,0.058
6728,0.036
6729,0.631
6730,0.127
6731,0.095
6732,0
6733,0
6734,0.862
6735,0.736
6736,0.716
6737,0.857
6738,0.992
6739,0.834
6740,0
6741,0.582
6742,0.224
6743,0
6744,0
6745,0.116
6746,0.785
6747,0.738
6748,0.107
6749,0.6
6750,0.808
6751,0.738
6752,0.935
6753,0.828
6754,0.728
6755,0.85
6756,0.831
6757,0
6758,0.888
6759,0
6760,0.304
6761,0.705
6762,0
6763,0.207
6764,0
6765,0.732
6766,0.995
6767,0
6768,0
6769,0.791
6770,0.632
6771,0.755
6772,0.853
6773,0.753
6774,0
6775,0
6776,0.757
6777,0.845
6778,0.027
6779,0.088
6780,0.709
6781,1
6782,0.78
6783,0
6784,0.817
6785,0.053
6786,0.713
6787,0.719
6788,0.933
6789,0.732
6790,0.781
6791,0
6792,0.781
6793,0.089
6794,0.063
6795,0.72
6796,0.879
6797,0.807
6798,0.351
6799,0.875
6800,0.688
6801,0.69
6802,0.927
6803,0
6804,0.781
6805,0
6806,0.826
6807,0.812
6808,0.77
6809,0.642
6810,0.149
6811,0.083
6812,0.78
6813,0.756
6814,0.913
6815,0.828
6816,0
6817,0.164
6818,0.936
6819,0
6820,0.905
6821,0.776
6822,0.786
6823,0.879
6824,0.617
6825,0.741
6826,0.779
6827,0.601
6828,0.081
6829,0.027
6830,0.798
6831,0
6832,0
6833,0.139
6834,0.83
6835,0.472
6836,0
6837,0.781
6838,0.847
6839,0.873
6840,0.025
6841,0.828
6842,0.736
6843,0.797
6844,0
6845,0.219
6846,0.869
6847,0.964
6848,0.846
6849,0.777
6850,0.701
6851,0.851
6852,0.082
6853,0.252
6854,0.248
6855,1
6856,0
6857,0.716
6858,0.083
6859,0.874
6860,0.714
6861,0.976
6862,0
6863,0.822
6864,0
6865,0
6866,0.75
6867,0.822
6868,0.963
6869,0.129
6870,0.197
6871,0
6872,0
6873,0.153
6874,0
6875,0
6876,0.189
6877,0
6878,0.696
6879,0
6880,0
6881,0.818
6882,0.709
6883,0.73
6884,0.842
6885,0
6886,0.904
6887,0
6888,0.717
6889,0.196
6890,0.13
6891,0
6892,0.91
6893,0.735
6894,0.035
6895,0.244
6896,0.055
6897,0
6898,0.682
6899,0.864
6900,0.118
6901,0.139
6902,0.791
6903,0.567
6904,0.724
6905,0.114
6906,0
6907,0.136
6908,0.851
6909,0.943
6910,0.792
6911,0
6912,0
6913,0.891
6914,0.182
6915,0.604
6916,0.963
6917,0.821
6918,0.878
6919,0.843
6920,0.576
6921,0.201
6922,0.712
6923,0.785
6924,0
6925,0.895
6926,0.739
6927,0.149
6928,0
6929,0.747
6930,0.031
6931,0
6932,0.799
6933,0.728
6934,0.598
6935,0
6936,0.836
6937,0.077
6938,0.113
6939,0.879
6940,0
6941,0.194
6942,0.927
6943,0.733
6944,0.792
6945,0.656
6946,0.846
6947,0.232
6948,0
6949,0
6950,0.695
6951,0.902
6952,0
6953,0.915
6954,0
6955,0.891
6956,0.867
6957,0.903
6958,0.774
6959,0.848
6960,0.672
6961,0.922
6962,0.805
6963,0.702
6964,0
6965,0.837
6966,0.774
6967,0.166
6968,0.66
6969,0.763
6970,0.777
6971,0.816
6972,0.871
6973,0.735
6974,0.083
6975,0.027
6976,0.696
6977,0
6978,0
6979,0.936
6980,0
6981,0.82
6982,0.045
6983,0.758
6984,0
6985,0.804
6986,0
6987,0.899
6988,0.74
6989,0
6990,0
6991,0.721
6992,0.748
6993,0.751
6994,0
6995,0
6996,0.775
6997,0
6998,0
6999,0
7000,0.869
7001,0.141
7002,0.684
7003,0.148
7004,0.154
7005,0.91
7006,0.048
7007,0
7008,0.842
7009,0.712
7010,0
7011,0
7012,1
7013,0.605
7014,0.827
7015,0
7016,0.862
7017,0
7018,0.721
7019,0.861
7020,0.763
7021,0.646
7022,0.143
7023,0
7024,0
7025,0
7026,0.964
7027,0.786
7028,0.068
7029,0.795
7030,0.018
7031,0.8
7032,0
7033,0.891
7034,0.749
7035,0.077
7036,0.744
7037,0.126
7038,0.888
7039,0.142
7040,0.91
7041,0.788
7042,0
7043,0.018
7044,0.719
7045,0.805
7046,0.812
7047,0.692
7048,0.733
7049,0.769
7050,0.753
7051,0.063
7052,0.77
7053,0.635
7054,0
7055,0.159
7056,0.852
7057,0.657
7058,0.268
7059,0.768
7060,0.755
7061,0.755
7062,0.858
7063,0.805
7064,0
7065,0.874
7066,0.631
7067,0.68
7068,0.107
7069,0.887
7070,0.973
7071,0.249
7072,0.818
7073,0.884
7074,0.88
7075,0.165
7076,0.764
7077,1
7078,0.689
7079,0.843
7080,0.325
7081,0.092
7082,0.942
7083,0.849
7084,0
7085,0.255
7086,0.759
7087,0
7088,0.075
7089,0.768
7090,0.766
7091,0.101
7092,0.895
7093,0.231
7094,0.826
7095,0
7096,0.098
7097,1
7098,0.052
7099,0
7100,0.879
7101,0.084
7102,0.675
7103,0
7104,0.951
7105,0
7106,0
7107,0.789
7108,0.045
7109,0.753
7110,0.028
7111,0.82
7112,0
7113,0.912
7114,0
7115,0.083
7116,0.118
7117,0.984
7118,0.721
7119,0.85
7120,0.858
7121,0.744
7122,0
7123,0.713
7124,0.124
7125,0.657
7126,0.777
7127,0.981
7128,0.706
7129,0.288
7130,0.896
7131,0.344
7132,0
7133,0
7134,0.851
7135,0.953
7136,0.7
7137,0.187
7138,0.758
7139,0.202
7140,0.719
7141,0.697
7142,0.94
7143,0.861
7144,0.129
7145,0.808
7146,0.309
7147,0.796
7148,0.737
7149,0.81
7150,0.129
7151,0.81
7152,0.223
7153,0
7154,0.018
7155,0.829
7156,0.735
7157,0.869
7158,0.709
7159,0.882
7160,0.065
7161,0.802
7162,0.756
7163,0.439
7164,0.8
7165,0.81
7166,0.681
7167,0
7168,0
7169,0
7170,0
7171,0.868
7172,0.1
7173,0.21
7174,0.799
7175,0.935
7176,0.875
7177,0.685
7178,0.683
7179,0.936
7180,0
7181,0
7182,0
7183,0.734
7184,0
7185,0
7186,0.761
7187,0
7188,0.884
7189,0.734
7190,0.058
7191,0
7192,0.846
7193,0.042
7194,0.164
7195,0.914
7196,0.854
7197,0.076
7198,0.753
7199,0.834
7200,0.233
7201,0.91
7202,0
7203,0.781
7204,0.653
7205,0.625
7206,0.086
7207,0
7208,0
7209,0.845
7210,0
7211,0.107
7212,0.77
7213,0.667
7214,0.191
7215,0.661
7216,0.128
7217,0
7218,0.701
7219,0.766
7220,0.116
7221,0.035
7222,0.696
7223,0.807
7224,0.716
7225,0.684
7226,0
7227,0.026
7228,0.084
7229,0.978
7230,0.243
7231,0.819
7232,0.562
7233,0.599
7234,0
7235,0.044
7236,0.691
7237,0.644
7238,0.702
7239,0.869
7240,0.772
7241,0.089
7242,0.062
7243,0.881
7244,0.918
7245,0.088
7246,0.999
7247,0.71
7248,0.972
7249,0.876
7250,0.884
7251,0.757
7252,0.829
7253,0
7254,0
7255,0.018
7256,0.717
7257,0.665
7258,0.793
7259,0.889
7260,0
7261,0.042
7262,0
7263,0.771
7264,0.897
7265,0
7266,0.805
7267,0.813
7268,0
7269,0
7270,0.154
7271,0.884
7272,0.795
7273,0.659
7274,0
7275,0.209
7276,0.851
7277,0.749
7278,0
7279,0.689
7280,0
7281,0.202
7282,0.765
7283,0
7284,0.591
7285,0.175
7286,0.833
7287,0.097
7288,0.887
7289,0.738
7290,0
7291,0.958
7292,0.714
7293,0.777
7294,0.636
7295,0.229
7296,0.279
7297,0.18
7298,0
7299,0.083
7300,0.724
7301,0.062
7302,0
7303,0
7304,0.142
7305,0
7306,0.725
7307,0
7308,0.163
7309,0.663
7310,0.034
7311,0.921
7312,0.872
7313,0.929
7314,0.14
7315,0.923
7316,1
7317,0.903
7318,0.761
7319,0.922
7320,0.768
7321,0
7322,0.33
7323,0
7324,0.927
7325,0.103
7326,0.942
7327,0.719
7328,0.719
7329,0.95
7330,0.716
7331,0.017
7332,0
7333,0.73
7334,0.144
7335,0
7336,0.736
7337,0.899
7338,0.096
7339,0.798
7340,0
7341,0.912
7342,0.017
7343,0.8
7344,0.923
7345,0.905
7346,0.9
7347,0
7348,0.729
7349,0
7350,0.814
7351,0.854
7352,0.757
7353,0.799
7354,0.86
7355,0.816
7356,0.192
7357,0.145
7358,0.893
7359,0
7360,0
7361,0.771
7362,0
7363,0
7364,0.745
7365,0.604
7366,0.809
7367,0.65
7368,0.858
7369,0
7370,0
7371,0.88
7372,0.897
7373,0.697
7374,0.868
7375,0
7376,0
7377,0.809
7378,0.906
7379,0
7380,0
7381,0.825
7382,0.712
7383,0
7384,0.821
7385,0
7386,0.822
7387,0.731
7388,0.83
7389,0.872
7390,0
7391,0.795
7392,0.727
7393,0
7394,0.863
7395,0
7396,0.113
7397,0.723
7398,0.735
7399,0
7400,0.791
7401,0
7402,0.085
7403,0.69
7404,0.756
7405,0
7406,0
7407,0.071
7408,0.965
7409,0.994
7410,0
7411,0.123
7412,0.872
7413,0.884
7414,0
7415,0.324
7416,0.126
7417,0.731
7418,0.031
7419,0.713
7420,0
7421,0.79
7422,0.197
7423,0.127
7424,0.112
7425,0.732
7426,0.708
7427,0
7428,0.945
7429,0.071
7430,0.982
7431,0.727
7432,0
7433,0.794
7434,0.24
7435,0
7436,0.619
7437,0.078
7438,0
7439,0.716
7440,0.767
7441,0.859
7442,0.932
7443,0.126
7444,0.987
7445,0.186
7446,0.74
7447,0.824
7448,0.574
7449,0
7450,0
7451,0.87
7452,0
7453,0.779
7454,0.67
7455,0.471
7456,0.835
7457,0
7458,0.838
7459,0.059
7460,1
7461,0.78
7462,1
7463,0
7464,0.895
7465,0.06
7466,0.83
7467,0.105
7468,0
7469,0.774
7470,0
7471,0.824
7472,0
7473,0.716
7474,0.308
7475,0.929
7476,0.74
7477,0.798
7478,0.784
7479,0.699
7480,0
7481,0.843
7482,0.725
7483,0
7484,0
7485,0.812
7486,0.958
7487,0
7488,0.855
7489,0.831
7490,0.678
7491,0.832
7492,0.893
7493,0.734
7494,0.684
7495,0.701
7496,0.651
7497,0.149
7498,0.256
7499,0.699
7500,0.883
7501,0.785
7502,0
7503,0.743
7504,0
7505,0.829
7506,0.766
7507,0.805
7508,0.22
7509,0.736
7510,0.156
7511,0.789
7512,0.725
7513,0.014
7514,0
7515,0.776
7516,0.924
7517,0
7518,0.244
7519,0.739
7520,0.111
7521,0.065
7522,0
7523,0.217
7524,0.767
7525,0.514
7526,0
7527,0.795
7528,0.881
7529,0.821
7530,0.628
7531,0.151
7532,0
7533,0.746
7534,0.08
7535,0.423
7536,0
7537,0.152
7538,0.889
7539,0
7540,0.904
7541,0.953
7542,0.088
7543,0.894
7544,0.783
7545,0
7546,0.76
7547,0.821
7548,0.86
7549,0.818
7550,0.774
7551,0
7552,0.13
7553,0.375
7554,0
7555,0.684
7556,0
7557,0.913
7558,0.846
7559,0
7560,0.943
7561,0.849
7562,0
7563,0.671
7564,1
7565,0.808
7566,0.908
7567,0.853
7568,0.715
7569,0.893
7570,0.716
7571,0.05
7572,0.102
7573,0
7574,0.787
7575,0.955
7576,0
7577,0.764
7578,0.788
7579,0.746
7580,0.9
7581,0.874
7582,0.833
7583,0.765
7584,0
7585,0.823
7586,0.888
7587,0.717
7588,0.867
7589,0.592
7590,0.82
7591,0
7592,0.286
7593,0
7594,0
7595,0.098
7596,0.897
7597,0.576
7598,0.238
7599,0.736
7600,0.936
7601,0.153
7602,0.513
7603,0
7604,0.947
7605,0.827
7606,0
7607,0
7608,0.84
7609,0.09
7610,0.683
7611,0.668
7612,0.905
7613,0
7614,0.764
7615,0.687
7616,0.08
7617,0
7618,0.78
7619,0
7620,0
7621,0.76
7622,0.097
7623,0.981
7624,1
7625,0
7626,0
7627,0.829
7628,0.808
7629,0.804
7630,0.828
7631,0.734
7632,0
7633,0.022
7634,0.116
7635,0.723
7636,1
7637,0
7638,0.721
7639,0.149
7640,0.782
7641,0
7642,0.758
7643,0.757
7644,0.861
7645,0.631
7646,0.616
7647,0.122
7648,0
7649,0.751
7650,0.783
7651,0.795
7652,0.787
7653,0.616
7654,0.723
7655,0.861
7656,0.123
7657,0.821
7658,0.788
7659,0.149
7660,0.779
7661,0.597
7662,0.836
7663,0
7664,0.031
7665,0.86
7666,0.69
7667,0.839
7668,0.778
7669,0.814
7670,0.775
7671,0.624
7672,0.769
7673,0.762
7674,0.923
7675,0.137
7676,0
7677,0
7678,0
7679,0
7680,0.093
7681,0.11
7682,0.034
7683,0.045
7684,0.942
7685,0.088
7686,0.251
7687,0
7688,0
7689,0.721
7690,0.902
7691,0
7692,0.668
7693,0.813
7694,0
7695,0.915
7696,0.807
7697,0.037
7698,0.786
7699,0.955
7700,0.959
7701,0.907
7702,0.898
7703,0
7704,0
7705,0.583
7706,0.595
7707,0.983
7708,0.041
7709,0.816
7710,0.767
7711,0.076
7712,0.817
7713,0.653
7714,0.592
7715,1
7716,0.877
7717,0.157
7718,0.064
7719,0.773
7720,0.995
7721,0.843
7722,0.872
7723,0.91
7724,0
7725,0.698
7726,0.594
7727,0.855
7728,0.735
7729,0
7730,0.969
7731,0.744
7732,0
7733,0.851
7734,0
7735,1
7736,0.097
7737,0.958
7738,0.759
7739,0.223
7740,0.65
7741,0.554
7742,0.084
7743,0.94
7744,0.794
7745,0.348
7746,0
7747,0.87
7748,0.914
7749,0.794
7750,0.749
7751,0
7752,0.832
7753,0.224
7754,0.671
7755,0
7756,0.108
7757,0.815
7758,0.847
7759,0.774
7760,0.909
7761,1
7762,0.773
7763,1
7764,0.036
7765,0.773
7766,0
7767,0.928
7768,0.248
7769,0.939
7770,0.614
7771,0.788
7772,0.102
7773,0.754
7774,0
7775,0.04
7776,0.78
7777,0.157
7778,0.916
7779,0.854
7780,0
7781,0
7782,0.898
7783,0
7784,0
7785,0.783
7786,0.165
7787,0.75
7788,0
7789,0.743
7790,0
7791,0.254
7792,0.828
7793,0.149
7794,0.644
7795,0
7796,0.961
7797,0.834
7798,0.906
7799,0.245
7800,0
7801,0.081
7802,0.644
7803,0.883
7804,0.686
7805,0.937
7806,0.917
7807,0.135
7808,0
7809,0
7810,0.851
7811,0.024
7812,0.883
7813,0.871
7814,0.674
7815,0.613
7816,0.945
7817,0
7818,0.685
7819,0.765
7820,0
7821,0.867
7822,0.841
7823,0.695
7824,0.783
7825,0.787
7826,0.772
7827,0.754
7828,0.727
7829,0.933
7830,0.268
7831,0.876
7832,0
7833,0.133
7834,0.85
7835,0.755
7836,0
7837,0.082
7838,0.629
7839,0.759
7840,0.068
7841,0.676
7842,0
7843,0.082
7844,0.813
7845,0
7846,0.834
7847,0.13
7848,0
7849,0.795
7850,0.863
7851,0.695
7852,0.857
7853,0
7854,0.922
7855,0.812
7856,0.632
7857,0
7858,0.776
7859,0.109
7860,0.876
7861,0.696
7862,0.745
7863,0.706
7864,0.667
7865,0.877
7866,0.825
7867,0.805
7868,0.707
7869,0
7870,0.845
7871,0.813
7872,0.086
7873,0.628
7874,0
7875,0.954
7876,0.894
7877,0
7878,0
7879,0.004
7880,0.147
7881,0.779
7882,0
7883,0.786
7884,0.868
7885,0.706
7886,0.596
7887,0.801
7888,0.776
7889,0.664
7890,0.846
7891,0.832
7892,0
7893,0
7894,0.834
7895,0.661
7896,0.134
7897,0.924
7898,0
7899,0.772
7900,0.134
7901,0.761
7902,0.179
7903,0
7904,0.906
7905,0.202
7906,0.15
7907,0.719
7908,0
7909,0.777
7910,0.874
7911,0.858
7912,0.965
7913,0.878
7914,0
7915,0.018
7916,0.952
7917,0.9
7918,0.13
7919,0.099
7920,0.909
7921,0.059
7922,0
7923,0
7924,0.124
7925,0.651
7926,0.248
7927,0
7928,0.786
7929,0.744
7930,0.742
7931,0
7932,0.752
7933,0.126
7934,0.754
7935,0
7936,0.709
7937,0
7938,0.811
7939,0.212
7940,0.146
7941,0.667
7942,0.14
7943,0.836
7944,0.798
7945,0.236
7946,0.039
7947,0.939
7948,0.788
7949,0.729
7950,0.906
7951,0.54
7952,0.735
7953,0
7954,0.01
7955,0
7956,0.064
7957,0.72
7958,0.767
7959,0.106
7960,0.732
7961,0.902
7962,0.806
7963,0.817
7964,0.971
7965,0.723
7966,0
7967,0.883
7968,0.142
7969,0.039
7970,0
7971,0.726
7972,0.62
7973,0.108
7974,0
7975,0.882
7976,0.288
7977,0
7978,0.707
7979,0
7980,0
7981,0
7982,0.877
7983,0.294
7984,0.024
7985,0.814
7986,0.865
7987,0.729
7988,0.787
7989,0.087
7990,0.16
7991,0.115
7992,0.196
7993,0.8
7994,0.747
7995,0.837
7996,0.161
7997,0.741
7998,0
7999,0
8000,0.09
8001,0.678
8002,0
8003,0.751
8004,0.207
8005,0.963
8006,0
8007,0
8008,0
8009,0.795
8010,0.793
8011,0.025
8012,0.519
8013,0.939
8014,0.83
8015,0.721
8016,0.927
8017,0.697
8018,0.902
8019,0.295
8020,0.059
8021,0
8022,0.088
8023,0
8024,0
8025,0.805
8026,0.835
8027,0.684
8028,0
8029,0.144
8030,0
8031,0.62
8032,0
8033,0.156
8034,0.708
8035,0.813
8036,0
8037,0.164
8038,1
8039,0.865
8040,0.18
8041,0.805
8042,0.858
8043,0
8044,0.723
8045,0.8
8046,0.705
8047,0.7
8048,0.647
8049,0.754
8050,0.752
8051,0.988
8052,0.735
8053,0.163
8054,0.776
8055,0.966
8056,0.705
8057,0.948
8058,0.628
8059,0.058
8060,0.823
8061,0
8062,0
8063,0
8064,0.73
8065,0.791
8066,0.778
8067,0
8068,0.908
8069,0.145
8070,0
8071,0
8072,0.729
8073,0.767
8074,0.785
8075,0.69
8076,0.826
8077,0.103
8078,0.795
8079,0.878
8080,0
8081,0.736
8082,0.776
8083,0.794
8084,0.157
8085,0.092
8086,0.169
8087,0.714
8088,0.749
8089,0.64
8090,0.788
8091,0.78
8092,0
8093,0
8094,0.833
8095,0.683
8096,0.831
8097,0.713
8098,1
8099,0.037
8100,0
8101,0.944
8102,0.655
8103,0.806
8104,0.702
8105,0.096
8106,0.747
8107,0.059
8108,0.074
8109,0.804
8110,0.979
8111,0.174
8112,0.979
8113,0
8114,0.789
8115,0.08
8116,0.719
8117,0.857
8118,0.075
8119,0.114
8120,0.785
8121,0
8122,0.908
8123,0
8124,0.819
8125,0.158
8126,0.776
8127,0.716
8128,0.849
8129,0.731
8130,0.802
8131,0
8132,0.955
8133,0.92
8134,0
8135,0.015
8136,0.719
8137,0.791
8138,0.048
8139,0.783
8140,0.8
8141,0.115
8142,0.691
8143,0
8144,0.755
8145,0.722
8146,0.781
8147,0.097
8148,0
8149,0.816
8150,0.706
8151,0.902
8152,0
8153,0.795
8154,0.815
8155,0
8156,0.818
8157,0.839
8158,0.697
8159,0.874
8160,0.819
8161,0.894
8162,0.211
8163,0.08
8164,0.763
8165,0.724
8166,0.844
8167,0.28
8168,0.137
8169,0.73
8170,0
8171,0.741
8172,0
8173,0.857
8174,0.899
8175,0.64
8176,0.799
8177,0.971
8178,0.806
8179,0.107
8180,0.965
8181,0
8182,0
8183,0.864
8184,0
8185,0.043
8186,0.76
8187,0.606
8188,0
8189,0
8190,0.736
8191,0
8192,0.968
8193,0.813
8194,0.156
8195,0
8196,0
8197,0.16
8198,0.993
8199,0
8200,0.844
8201,0
8202,0
8203,0.097
8204,0
8205,0
8206,0
8207,0.791
8208,0.119
8209,0.069
8210,0.819
8211,0
8212,0
8213,0.069
8214,0.162
8215,0.605
8216,0.669
8217,0.011
8218,0.781
8219,0.895
8220,0.022
8221,0.034
8222,0
8223,0
8224,0.794
8225,0.045
8226,0.769
8227,0.853
8228,0.88
8229,0.977
8230,0.59
8231,0.709
8232,0.699
8233,0.768
8234,0
8235,0
8236,0.745
8237,0.941
8238,0.683
8239,0.837
8240,0.04
8241,0.971
8242,0.808
8243,0.79
8244,1
8245,0.63
8246,0.118
8247,0.668
8248,0.237
8249,0
8250,0.686
8251,0
8252,0
8253,0.785
8254,0.113
8255,0
8256,0
8257,0.886
8258,0.821
8259,0.16
8260,0.052
8261,0.628
8262,0.861
8263,0
8264,0
8265,0.699
8266,0.919
8267,1
8268,0
8269,0
8270,0.585
8271,0.242
8272,0.81
8273,0.705
8274,0
8275,0
8276,0
8277,0.998
8278,0.647
8279,0
8280,0.839
8281,0.751
8282,0.836
8283,0.247
8284,0
8285,0.825
8286,0
8287,0.131
8288,0
8289,0.867
8290,0
8291,0.871
8292,0
8293,0.165
8294,0.738
8295,0.724
8296,0.047
8297,0.711
8298,0.072
8299,0.618
8300,0.224
8301,0.101
8302,0.66
8303,0.047
8304,0.051
8305,0.257
8306,0.749
8307,0.896
8308,0.709
8309,0.858
8310,0.916
8311,0.044
8312,0.859
8313,0.816
8314,0.704
8315,0.043
8316,0.926
8317,0.04
8318,0.795
8319,0.994
8320,0.87
8321,0.647
8322,0.873
8323,0.651
8324,0.761
8325,0.901
8326,0.672
8327,0.7
8328,0.127
8329,0.15
8330,0.705
8331,0.797
8332,0.827
8333,0.856
8334,0
8335,0.748
8336,0.929
8337,0
8338,0
8339,0.038
8340,0.585
8341,0.203
8342,0.743
8343,0.032
8344,0.763
8345,0.788
8346,0.256
8347,0.674
8348,0.852
8349,0.73
8350,0.824
8351,0.129
8352,0.665
8353,0.973
8354,0.807
8355,0
8356,0.708
8357,0.2
8358,0.599
8359,0
8360,0
8361,0.693
8362,0.088
8363,0.875
8364,0.799
8365,0
8366,0.521
8367,0.987
8368,0.898
8369,0
8370,0.194
8371,0.935
8372,0.859
8373,0.794
8374,0.703
8375,0.108
8376,0.614
8377,0.907
8378,0.919
8379,0.889
8380,0.932
8381,0.894
8382,0.12
8383,0
8384,0.768
8385,0.139
8386,0.653
8387,0
8388,0
8389,0.062
8390,0.155
8391,0.165
8392,0.791
8393,0.839
8394,0.636
8395,0.258
8396,0.937
8397,0.753
8398,0.7
8399,0.887
8400,0.764
8401,0
8402,0.115
8403,0
8404,0.811
8405,0.158
8406,0.739
8407,0.808
8408,0
8409,0.788
8410,0.165
8411,0.795
8412,0
8413,0.74
8414,0
8415,1
8416,0.878
8417,0.742
8418,0.07
8419,0.17
8420,0
8421,0
8422,0.85
8423,0.111
8424,0.288
8425,0.667
8426,0.858
8427,0.788
8428,0.935
8429,0.918
8430,0.047
8431,0.719
8432,0.866
8433,0.826
8434,0.533
8435,0.907
8436,0.756
8437,0.817
8438,0.784
8439,0
8440,0.955
8441,0.644
8442,0.861
8443,0
8444,0.893
8445,0.1
8446,0.636
8447,0.781
8448,0.911
8449,0.819
8450,0.176
8451,1
8452,0.194
8453,0.904
8454,0.905
8455,0.778
8456,0.795
8457,0.815
8458,0.859
8459,0.654
8460,0.855
8461,0
8462,0.791
8463,0
8464,0
8465,0.8
8466,0
8467,0
8468,0.642
8469,0.829
8470,0.831
8471,0
8472,0.15
8473,0.889
8474,0.92
8475,0.802
8476,0.814
8477,0.958
8478,0.781
8479,0.116
8480,0.057
8481,0.963
8482,0
8483,0.655
8484,0.66
8485,0.174
8486,0.746
8487,0
8488,0
8489,0.876
8490,0
8491,0.835
8492,0.775
8493,0.902
8494,1
8495,0
8496,0.659
8497,0.659
8498,0.099
8499,0
8500,0.568
8501,0
8502,0.628
8503,0.702
8504,0
8505,0.652
8506,0.83
8507,0.708
8508,0.835
8509,0.719
8510,0.665
8511,0.733
8512,0.866
8513,0
8514,0.765
8515,0.897
8516,0.223
8517,0
8518,0.871
8519,0.915
8520,0.226
8521,0.768
8522,0.029
8523,0.741
8524,0.034
8525,0.785
8526,0.359
8527,0.826
8528,0.882
8529,0.671
8530,0.82
8531,0
8532,0.761
8533,0
8534,0.8
8535,0
8536,0.888
8537,0.878
8538,0.811
8539,0.718
8540,0.238
8541,0.764
8542,0.907
8543,0.861
8544,0
8545,0.812
8546,0
8547,0.814
8548,0.848
8549,0.73
8550,0
8551,0.032
8552,0.659
8553,0.806
8554,0
8555,0
8556,0.101
8557,0.024
8558,0.684
8559,0.828
8560,0.207
8561,0.815
8562,0.721
8563,0.029
8564,0.839
8565,0.167
8566,0.943
8567,0.702
8568,0.851
8569,0.916
8570,0.925
8571,0.671
8572,0.835
8573,0.798
8574,0
8575,0
8576,0.859
8577,0.278
8578,0.783
8579,0.838
8580,0.821
8581,1
8582,0.799
8583,0
8584,0.676
8585,0
8586,0.03
8587,0.796
8588,0.663
8589,0
8590,0.603
8591,0.645
8592,0.686
8593,0.819
8594,0.885
8595,0.855
8596,0
8597,0.149
8598,0
8599,0
8600,0.793
8601,0
8602,0.75
8603,0.835
8604,0.87
8605,0.916
8606,0.781
8607,0.593
8608,0.752
8609,0.767
8610,0.831
8611,0
8612,0.828
8613,0.772
8614,0
8615,0.766
8616,0.732
8617,0.879
8618,0.834
8619,0.105
8620,0.145
8621,0.069
8622,0.67
8623,0.852
8624,0
8625,0.86
8626,0.689
8627,0
8628,0.872
8629,0.818
8630,0.892
8631,0.82
8632,0
8633,0
8634,0
8635,0.791
8636,0.252
8637,0.854
8638,0.149
8639,0
8640,0.963
8641,0.196
8642,0
8643,0.964
8644,0.775
8645,0.718
8646,0
8647,0.091
8648,0.764
8649,0
8650,0.724
8651,0.627
8652,0.783
8653,0.73
8654,0.687
8655,0.762
8656,0
8657,0.917
8658,0
8659,0
8660,0
8661,0.833
8662,0
8663,0.835
8664,0.667
8665,0
8666,0
8667,0
8668,0
8669,0.729
8670,0.016
8671,0.727
8672,0.865
8673,0.659
8674,0
8675,0.761
8676,0.731
8677,0
8678,0.84
8679,0.951
8680,0.206
8681,0
8682,0
8683,0.868
8684,0.886
8685,0.274
8686,0.84
8687,0.016
8688,0.108
8689,0
8690,0.105
8691,0.106
8692,0
8693,0
8694,0
8695,0.882
8696,0.108
8697,0.225
8698,0
8699,0.857
8700,0.678
8701,0.923
8702,1
8703,0.844
8704,0.086
8705,0.583
8706,0.565
8707,0.706
8708,0.795
8709,0.081
8710,0.691
8711,0.828
8712,0.798
8713,0
8714,0.743
8715,0.796
8716,0.849
8717,0
8718,0.815
8719,0
8720,0.809
8721,0.227
8722,1
8723,0
8724,0
8725,0.838
8726,0.923
8727,0.82
8728,0.697
8729,0.042
8730,0.867
8731,0.698
8732,0.285
8733,0
8734,0.807
8735,0
8736,0.844
8737,0.816
8738,0
8739,0.824
8740,0.822
8741,0.808
8742,0.91
8743,0.816
8744,0.786
8745,0
8746,0.901
8747,0.921
8748,0.726
8749,0.685
8750,0.722
8751,0.714
8752,0.78
8753,0.829
8754,0.795
8755,0
8756,0.814
8757,0.039
8758,0
8759,0
8760,0.188
8761,0.75
8762,0.185
8763,0.831
8764,0.76
8765,0.895
8766,0.649
8767,0.796
8768,0.022
8769,0.609
8770,0.766
8771,1
8772,0.722
8773,0.655
8774,0
8775,0.202
8776,0.687
8777,0.151
8778,0
8779,0.828
8780,0.118
8781,0.209
8782,0.657
8783,0
8784,0.858
8785,0
8786,0.68
8787,1
8788,0
8789,0.741
8790,0.784
8791,0.821
8792,0.893
8793,0.775
8794,0.798
8795,0
8796,0.791
8797,0.891
8798,0
8799,0.838
8800,0.09
8801,0.695
8802,0
8803,0.073
8804,0.685
8805,0.898
8806,0.784
8807,0.808
8808,0.825
8809,0.909
8810,0.702
8811,0.815
8812,0
8813,0
8814,0.966
8815,0.869
8816,0
8817,0.678
8818,0.805
8819,0
8820,0.594
8821,0.887
8822,0
8823,0.952
8824,0.076
8825,0.749
8826,0.626
8827,0.69
8828,0.786
8829,0.135
8830,0
8831,0.913
8832,0.922
8833,0.306
8834,0.15
8835,0.757
8836,0.813
8837,0
8838,0.924
8839,0.737
8840,0
8841,0
8842,0.82
8843,0.737
8844,0.654
8845,0.774
8846,0.857
8847,0.9
8848,0
8849,0
8850,0.841
8851,0
8852,0
8853,0
8854,0.815
8855,0.075
8856,0.848
8857,0.874
8858,0.674
8859,0.023
8860,0.765
8861,0.868
8862,0.785
8863,1
8864,0.705
8865,0.89
8866,0.697
8867,0.086
8868,0.768
8869,0.999
8870,0.762
8871,0.926
8872,0.998
8873,0.748
8874,0
8875,0.19
8876,0.104
8877,0.186
8878,0.579
8879,0.723
8880,0.684
8881,0.824
8882,0.768
8883,0.781
8884,0.718
8885,0.677
8886,0.086
8887,0
8888,0.186
8889,0
8890,0
8891,0.223
8892,0.196
8893,0.147
8894,0
8895,0
8896,0.182
8897,0.665
8898,0.759
8899,0.63
8900,0.135
8901,0.789
8902,0.755
8903,0
8904,0.129
8905,0.801
8906,0
8907,0
8908,0.813
8909,0.663
8910,0.021
8911,0.702
8912,0.75
8913,0
8914,0
8915,0
8916,0.746
8917,0
8918,0.866
8919,0.75
8920,0
8921,0.616
8922,0.732
8923,0
8924,0
8925,0
8926,0.713
8927,0.737
8928,0.889
8929,0.948
8930,0.81
8931,0.906
8932,0.011
8933,0.017
8934,0.766
8935,0.924
8936,0.12
8937,0
8938,0.099
8939,0.054
8940,0.866
8941,0.814
8942,0.036
8943,0.868
8944,0.66
8945,0.675
8946,0
8947,0.725
8948,0.835
8949,0.881
8950,0.148
8951,0
8952,0.994
8953,0.713
8954,0
8955,0.089
8956,0.242
8957,0
8958,0
8959,0.887
8960,0.808
8961,0.105
8962,0.904
8963,0.761
8964,0.76
8965,0
8966,0.779
8967,0.743
8968,0.888
8969,0.873
8970,0.682
8971,0.779
8972,0.879
8973,0.702
8974,0.711
8975,0.792
8976,0.716
8977,0.645
8978,0.626
8979,0.698
8980,0
8981,0.089
8982,0.727
8983,0.318
8984,0
8985,0.939
8986,0
8987,0.616
8988,0.706
8989,0.704
8990,0.857
8991,0.738
8992,0.024
8993,0
8994,0
8995,0
8996,0.649
8997,0.901
8998,0.847
8999,0.657
9000,0
9001,0
9002,0.76
9003,0.673
9004,0.786
9005,0.858
9006,0
9007,0.184
9008,0.694
9009,0.709
9010,0.668
9011,0.206
9012,0.754
9013,0.805
9014,0.3
9015,0
9016,0.158
9017,0.06
9018,0
9019,0.979
9020,0.698
9021,0.661
9022,0.777
9023,0
9024,0
9025,0.834
9026,0.727
9027,0
9028,0
9029,0.192
9030,0.752
9031,0.981
9032,0.81
9033,0.832
9034,0.54
9035,0.691
9036,0.896
9037,0.008
9038,0
9039,0.079
9040,0.882
9041,0.718
9042,0.808
9043,0.884
9044,0.194
9045,0.719
9046,0
9047,0.796
9048,0.957
9049,0.768
9050,0.795
9051,0.713
9052,0.742
9053,0.761
9054,0.076
9055,0
9056,0.147
9057,0.113
9058,0.756
9059,0
9060,0.748
9061,0.854
9062,0.005
9063,0.889
9064,0.865
9065,0
9066,0.115
9067,1
9068,0.699
9069,0
9070,0.108
9071,0
9072,0
9073,0.173
9074,0.894
9075,0
9076,0.671
9077,0.47
9078,0.292
9079,0.713
9080,0
9081,0.512
9082,0.88
9083,0
9084,0
9085,0.778
9086,0.014
9087,0
9088,0.908
9089,0.803
9090,0
9091,0.744
9092,0.81
9093,0
9094,0.135
9095,0
9096,0.896
9097,0
9098,0.907
9099,0
9100,0
9101,0.956
9102,0
9103,0.779
9104,0
9105,0.659
9106,0.722
9107,0.112
9108,0.825
9109,0.756
9110,0.673
9111,0.842
9112,0
9113,0.748
9114,0
9115,0.814
9116,0.647
9117,0
9118,0
9119,0.733
9120,0
9121,0.734
9122,0.703
9123,0.747
9124,0.765
9125,0
9126,0.82
9127,0.811
9128,0.905
9129,0.688
9130,0.809
9131,0.907
9132,0.424
9133,0
9134,0
9135,0.901
9136,0.143
9137,0.066
9138,0.94
9139,0.671
9140,0.758
9141,0.137
9142,0.04
9143,0.87
9144,0.141
9145,0.786
9146,0
9147,0.774
9148,0.743
9149,0.762
9150,0.824
9151,0.598
9152,0.862
9153,0.768
9154,0
9155,0
9156,0.628
9157,1
9158,0.066
9159,0.9
9160,0
9161,0.7
9162,0
9163,0.708
9164,0.898
9165,0.687
9166,0.276
9167,0.622
9168,0.67
9169,0.766
9170,0.896
9171,0.676
9172,0
9173,0.75
9174,0.802
9175,0.353
9176,0
9177,0.782
9178,0.566
9179,0.77
9180,0.968
9181,0
9182,0.897
9183,0.913
9184,0.051
9185,0
9186,0.737
9187,0.124
9188,0.175
9189,0.257
9190,0.049
9191,0
9192,0
9193,0.743
9194,0.834
9195,0.725
9196,0.715
9197,0.541
9198,0.954
9199,0.912
9200,0.785
9201,0
9202,0
9203,0
9204,0.864
9205,0
9206,0.002
9207,0.647
9208,0.233
9209,0.89
9210,0.681
9211,0.838
9212,0.932
9213,0.675
9214,0
9215,0.097
9216,0
9217,0.741
9218,0
9219,0.872
9220,0.656
9221,0.682
9222,0.759
9223,0.771
9224,0.121
9225,0.115
9226,0
9227,0.828
9228,0.781
9229,0.041
9230,0.069
9231,0.931
9232,0.259
9233,0.74
9234,0.702
9235,0
9236,0.306
9237,0.916
9238,0.92
9239,0.659
9240,0.82
9241,0
9242,0.955
9243,0.838
9244,0.244
9245,0.088
9246,0.699
9247,0.775
9248,0.909
9249,0.241
9250,0.176
9251,0.262
9252,0.704
9253,0.826
9254,0.09
9255,0
9256,0
9257,0.731
9258,0.856
9259,0.801
9260,0.754
9261,0
9262,0.152
9263,0.661
9264,0.778
9265,0.874
9266,0.853
9267,0.934
9268,0.719
9269,0.574
9270,0.667
9271,0
9272,0.954
9273,0.774
9274,0.129
9275,0.876
9276,0.106
9277,0.686
9278,0.822
9279,0.174
9280,0.706
9281,0.849
9282,0.094
9283,0.028
9284,0
9285,0.699
9286,0
9287,0.947
9288,0.01
9289,0.757
9290,1
9291,0.282
9292,0.753
9293,0
9294,0.996
9295,0
9296,0.682
9297,0.801
9298,0.728
9299,0.622
9300,0.824
9301,0.795
9302,0.642
9303,0
9304,0.876
9305,0.756
9306,0
9307,0.769
9308,0.867
9309,0
9310,0.113
9311,0.689
9312,0.626
9313,0.743
9314,0
9315,0.259
9316,0.202
9317,0
9318,0.095
9319,0.044
9320,0.689
9321,0.028
9322,0.046
9323,0.863
9324,0.238
9325,0.958
9326,0.7
9327,0.895
9328,0
9329,1
9330,0.89
9331,0.025
9332,0
9333,0
9334,0.858
9335,0.915
9336,0.843
9337,0.836
9338,0.668
9339,0.823
9340,0
9341,0.732
9342,0.739
9343,0.679
9344,0.017
9345,0.157
9346,0.914
9347,0.696
9348,0.793
9349,0.112
9350,0.186
9351,0.984
9352,0.745
9353,0.711
9354,0.676
9355,0.871
9356,0.289
9357,0.009
9358,0.827
9359,0.844
9360,0
9361,0.86
9362,0.037
9363,0.061
9364,0.051
9365,0
9366,0.063
9367,0.104
9368,0
9369,0
9370,0.685
9371,0.797
9372,0.746
9373,0.889
9374,0
9375,0
9376,0
9377,0
9378,0.803
9379,0.147
9380,0.944
9381,0.852
9382,0
9383,0.769
9384,0.826
9385,0
9386,0.821
9387,0.245
9388,0.32
9389,0
9390,0.188
9391,0.841
9392,0.741
9393,0.719
9394,0
9395,0.729
9396,0.689
9397,0.874
9398,0.706
9399,0.856
9400,0
9401,0
9402,0.748
9403,0.72
9404,0.716
9405,0.741
9406,0.714
9407,0.276
9408,0.636
9409,0.773
9410,0.133
9411,0
9412,0.288
9413,0.075
9414,0.816
9415,0.807
9416,0.231
9417,0
9418,0.952
9419,0.998
9420,0.997
9421,0.084
9422,0.119
9423,0.771
9424,0.739
9425,0.851
9426,0.821
9427,0.763
9428,0.844
9429,0.837
9430,0.658
9431,0.666
9432,0.665
9433,0.101
9434,0
9435,0
9436,0.063
9437,0.171
9438,0
9439,0.659
9440,0.755
9441,0.724
9442,0
9443,0.762
9444,0.871
9445,0.753
9446,0
9447,0
9448,0.754
9449,0.819
9450,0.69
9451,0.018
9452,0.909
9453,0.84
9454,0
9455,0.786
9456,0.894
9457,0.043
9458,0.71
9459,0.921
9460,0.913
9461,0.249
9462,0.664
9463,0.87
9464,0.771
9465,0.859
9466,0.335
9467,0.708
9468,0.79
9469,0.105
9470,0.838
9471,0.848
9472,0.9
9473,0.886
9474,0
9475,0
9476,0.731
9477,0.069
9478,0.893
9479,0
9480,0.893
9481,0.742
9482,0.15
9483,0.855
9484,0
9485,0.794
9486,0.76
9487,0.774
9488,0.785
9489,0.15
9490,0.768
9491,0.589
9492,0
9493,0
9494,0.883
9495,0.777
9496,0
9497,0.801
9498,0
9499,0.581
9500,0.954
9501,0.701
9502,0.849
9503,0.29
9504,0.885
9505,0.866
9506,0.782
9507,0.796
9508,0.859
9509,0.935
9510,0.849
9511,0.744
9512,0.797
9513,0.846
9514,0.183
9515,0
9516,0
9517,0
9518,0.175
9519,0.614
9520,0.836
9521,0.627
9522,0.836
9523,0.905
9524,0.067
9525,0.067
9526,0.662
9527,0
9528,0.752
9529,0.83
9530,0
9531,0.075
9532,0.037
9533,0.841
9534,0.237
9535,0.873
9536,0.069
9537,0.976
9538,0
9539,0.707
9540,0.018
9541,0.577
9542,0.941
9543,0.787
9544,0.834
9545,0.249
9546,0
9547,0.74
9548,0.788
9549,0.804
9550,0.687
9551,0.079
9552,0.846
9553,0
9554,0.752
9555,0.076
9556,0.81
9557,0
9558,0.9
9559,0.781
9560,0.816
9561,0.626
9562,0.684
9563,0.75
9564,0.784
9565,0.723
9566,0.192
9567,0.713
9568,0.798
9569,0.84
9570,0
9571,0.792
9572,0.881
9573,0.845
9574,0.707
9575,0.111
9576,0.943
9577,0.798
9578,0.209
9579,0.047
9580,1
9581,0.811
9582,0.713
9583,0
9584,0.228
9585,0
9586,0.824
9587,0
9588,0.004
9589,0.876
9590,0
9591,0.835
9592,0.932
9593,0.738
9594,0.947
9595,0.738
9596,0.811
9597,0.921
9598,0.966
9599,0
9600,0.81
9601,0.88
9602,0.69
9603,0.721
9604,0
9605,0
9606,0.749
9607,0.673
9608,0
9609,0
9610,0.965
9611,0.841
9612,0
9613,0.756
9614,0.79
9615,0.185
9616,0.599
9617,0.749
9618,0.8
9619,0.787
9620,0
9621,0.886
9622,0.739
9623,0.734
9624,0
9625,0.786
9626,0.732
9627,0.829
9628,0.086
9629,0
9630,0.78
9631,0.202
9632,0
9633,0.095
9634,0.133
9635,0
9636,0.111
9637,1
9638,0.972
9639,0.026
9640,0.922
9641,0.914
9642,0.197
9643,0.663
9644,0.62
9645,0
9646,0.77
9647,0.717
9648,0.76
9649,0
9650,0
9651,0.288
9652,0.254
9653,0.794
9654,1
9655,0.177
9656,0
9657,0.834
9658,0.573
9659,0.016
9660,0.8
9661,0
9662,0.17
9663,0.142
9664,0.766
9665,0.05
9666,0
9667,0.045
9668,0.861
9669,0.644
9670,0
9671,0
9672,0.684
9673,0.062
9674,0.026
9675,0
9676,0.756
9677,1
9678,0.884
9679,0.869
9680,0
9681,0.773
9682,0
9683,0.676
9684,0.061
9685,1
9686,0.664
9687,0.899
9688,0.12
9689,0.763
9690,0
9691,0
9692,0.881
9693,0.843
9694,0.808
9695,0.844
9696,0.801
9697,0.807
9698,0.841
9699,0.504
9700,1
9701,0.677
9702,0.768
9703,0.189
9704,0.827
9705,0.81
9706,0.798
9707,0.757
9708,0.803
9709,0.886
9710,0.784
9711,0
9712,0.117
9713,0.876
9714,0.637
9715,0.899
9716,0.796
9717,0.249
9718,0.068
9719,0
9720,0
9721,0
9722,0.148
9723,0
9724,1
9725,0.772
9726,0
9727,0
9728,0.673
9729,0.84
9730,0.195
9731,0.009
9732,0
9733,0.099
9734,0.869
9735,1
9736,0.741
9737,0
9738,0.775
9739,0
9740,0.611
9741,0
9742,0.953
9743,0.632
9744,0.798
9745,1
9746,0.803
9747,0
9748,0.819
9749,0.837
9750,0
9751,0.244
9752,0.068
9753,0
9754,0
9755,0.794
9756,0.093
9757,0.783
9758,0.748
9759,0.785
9760,0
9761,0.082
9762,0.19
9763,0
9764,0.715
9765,0
9766,0
9767,0.821
9768,0.756
9769,0.955
9770,0
9771,0.823
9772,0.709
9773,0.792
9774,0.982
9775,0.669
9776,0.671
9777,0.132
9778,0.111
9779,0.796
9780,0
9781,0.745
9782,0.788
9783,0
9784,0.962
9785,0.522
9786,0.853
9787,0.914
9788,0.785
9789,0.73
9790,0.166
9791,0.702
9792,0.836
9793,0
9794,0
9795,0.812
9796,0.117
9797,0.672
9798,0.84
9799,0.068
9800,0.017
9801,0.201
9802,0.76
9803,0
9804,0.658
9805,0.873
9806,0
9807,0.675
9808,0.154
9809,0.828
9810,0
9811,0.821
9812,0.861
9813,1
9814,0.885
9815,0.839
9816,0.164
9817,0.736
9818,0.861
9819,0.937
9820,0.791
9821,0.968
9822,0.763
9823,0.826
9824,0.87
9825,0.757
9826,0.811
9827,0
9828,0
9829,0.857
9830,0
9831,0.912
9832,0
9833,0.196
9834,0
9835,0
9836,0.704
9837,0.636
9838,0.831
9839,0
9840,0.624
9841,0.029
9842,0.914
9843,0.818
9844,0.735
9845,0
9846,0.149
9847,0.23
9848,0.825
9849,0.75
9850,0.79
9851,0.961
9852,0
9853,0.856
9854,0.781
9855,0.72
9856,0.052
9857,0.084
9858,0.751
9859,0.924
9860,0.093
9861,0.888
9862,0
9863,0.633
9864,0.255
9865,0.871
9866,1
9867,0
9868,0.203
9869,0.926
9870,0.84
9871,0.726
9872,0.847
9873,0.711
9874,0
9875,1
9876,0.927
9877,0.013
9878,0
9879,0.714
9880,0.202
9881,0.168
9882,0.783
9883,0.792
9884,0.873
9885,0.753
9886,0.133
9887,0.54
9888,0.035
9889,0.864
9890,0.781
9891,0
9892,0
9893,0.638
9894,0.856
9895,0.827
9896,0.676
9897,0.909
9898,0.023
9899,0.315
9900,0
9901,0.119
9902,0.827
9903,0
9904,0.038
9905,0
9906,0.906
9907,0.893
9908,0.176
9909,0.634
9910,0
9911,0.061
9912,0.116
9913,0.691
9914,0.816
9915,0.746
9916,0.737
9917,0.276
9918,0.073
9919,0.722
9920,0.127
9921,0.763
9922,0.869
9923,0.826
9924,0
9925,0.285
9926,0.188
9927,0
9928,0
9929,0.206
9930,0.794
9931,0.783
9932,0.924
9933,0.709
9934,0
9935,0.12
9936,0.784
9937,0.187
9938,0.788
9939,0.159
9940,0
9941,0
9942,0.906
9943,0
9944,0.779
9945,0.786
9946,0
9947,0.907
9948,0
9949,0.125
9950,0
9951,0
9952,0
9953,0.818
9954,0.617
9955,0
9956,0.826
9957,0.811
9958,0.771
9959,0.083
9960,0.173
9961,0.706
9962,0.642
9963,0.333
9964,0.193
9965,0.694
9966,0.83
9967,0.809
9968,0.835
9969,0.857
9970,0.755
9971,0.245
9972,0.635
9973,0.152
9974,0.162
9975,0.251
9976,0.045
9977,0.777
9978,0.24
9979,0.659
9980,0.003
9981,0.658
9982,0.653
9983,0.092
9984,0.21
9985,0.818
9986,0.125
9987,0.751
9988,0.621
9989,0.081
9990,0.821
9991,0.814
9992,0.784
9993,0
9994,0.243
9995,0
9996,0.763
9997,0.135
9998,0
9999,0.819
10000,0.129
